--------------------------------------------------------------------------------------------------
-- 1. USUARIO (130 registros)
--------------------------------------------------------------------------------------------------
INSERT INTO Usuario (id_user, nome, senha, data_nascimento, email, nickname) VALUES
(1, 'Gabriel Silva', 'senha123', '1995-03-12', 'gabriel1@email.com', 'gabs_silva'),
(2, 'Lucas Souza', 'lucas998', NULL, 'lucas2@email.com', 'lucas_sz'),
(3, 'Ana Costa', 'ana@2024', '1998-07-22', 'ana3@email.com', 'anacosta'),
(4, 'Maria Oliveira', 'mariah12', '1993-11-05', 'maria4@email.com', 'ma_oliveira'),
(5, 'Carlos Eduardo', 'carlinhos', NULL, 'carlos5@email.com', 'cadu_games'),
(6, 'Beatriz Santos', 'bia777', '2000-01-15', 'beatriz6@email.com', 'bia_santos'),
(7, 'Rodrigo Lima', 'rodriguinho', '1992-05-19', 'rodrigo7@email.com', 'rodrigo_l'),
(8, 'Juliana Rocha', 'juju445', NULL, 'juliana8@email.com', 'juju_rocha'),
(9, 'Ricardo Alves', 'ricardao', '1989-08-30', 'ricardo9@email.com', 'ric_alves'),
(10, 'Fernanda Melo', 'nandinha', '1996-12-03', 'fernanda10@email.com', 'nanda_melo'),
(11, 'Mateus Ribeiro', 'mat12345', '1997-02-14', 'mateus11@email.com', 'mat_rib'),
(12, 'Camila Pereira', 'cami987', NULL, 'camila12@email.com', 'camila_p'),
(13, 'Pedro Henrique', 'pedro_h', '1994-06-25', 'pedro13@email.com', 'ph_games'),
(14, 'Larissa Carvalho', 'lari_c', '1999-09-09', 'larissa14@email.com', 'larissa_c'),
(15, 'Gustavo Martins', 'guto88', NULL, 'gustavo15@email.com', 'guto_m'),
(16, 'Letícia Gomes', 'leticia1', '2001-04-18', 'leticia16@email.com', 'le_gomes'),
(17, 'Felipe Almeida', 'fepinho', '1991-10-10', 'felipe17@email.com', 'felipe_a'),
(18, 'Patrícia Barbosa', 'paty_b', NULL, 'patricia18@email.com', 'paty_barbosa'),
(19, 'Bruno Cardoso', 'brunao9', '1993-01-27', 'bruno19@email.com', 'bruno_c'),
(20, 'Amanda Rodrigues', 'amandita', '1996-03-08', 'amanda20@email.com', 'amanda_r'),
(21, 'Thiago Neves', 'thiagao', '1995-11-12', 'thiago21@email.com', 'thiago_n'),
(22, 'Sofia Xavier', 'sofiaz', NULL, 'sofia22@email.com', 'sofia_x'),
(23, 'Diego Freire', 'diegito', '1992-08-24', 'diego23@email.com', 'diego_f'),
(24, 'Roberta Pires', 'beta123', '1994-02-17', 'roberta24@email.com', 'beta_pires'),
(25, 'Marcelo Vieira', 'celo99', NULL, 'marcelo25@email.com', 'marcelo_v'),
(26, 'Vanessa Dias', 'vanessinha', '1997-06-30', 'vanessa26@email.com', 'vanessa_d'),
(27, 'Leonardo Cruz', 'leocruz', '1990-12-15', 'leonardo27@email.com', 'leo_cruz'),
(28, 'Aline Ferreira', 'aline_f', NULL, 'aline28@email.com', 'aline_f'),
(29, 'Eduardo Borges', 'dudu887', '1998-04-05', 'eduardo29@email.com', 'dudu_borges'),
(30, 'Priscila Ramos', 'priscilinha', '1993-10-21', 'priscila30@email.com', 'pri_ramos'),
(31, 'Daniel Teixeira', 'dan123', '1996-05-14', 'daniel31@email.com', 'daniel_t'),
(32, 'Jessica Fontes', 'jess_f', NULL, 'jessica32@email.com', 'jess_fontes'),
(33, 'André Miranda', 'andrezito', '1991-01-29', 'andre33@email.com', 'andre_m'),
(34, 'Tatiane Cunha', 'tati_c', '1995-09-18', 'tatiane34@email.com', 'tati_cunha'),
(35, 'Renato Silva', 'renatao', NULL, 'renato35@email.com', 'renato_s'),
(36, 'Caroline Lopes', 'carol_l', '1997-07-07', 'caroline36@email.com', 'carol_lopes'),
(37, 'Fábio Assunção', 'fabito', '1988-11-25', 'fabio37@email.com', 'fabio_a'),
(38, 'Gisele Bündchen', 'gisa99', NULL, 'gisele38@email.com', 'gisa_b'),
(39, 'Samuel Rosa', 'samu_r', '1994-03-14', 'samuel39@email.com', 'samuel_rosa'),
(40, 'Monique Alfradique', 'moniquinha', '1993-08-02', 'monique40@email.com', 'monique_a'),
(41, 'Igor Guimarães', 'igor_g', '1992-06-11', 'igor41@email.com', 'igor_gui'),
(42, 'Natalia Guimarães', 'nat_g', NULL, 'natalia42@email.com', 'nat_gui'),
(43, 'Otávio Mesquita', 'otavito', '1990-04-20', 'otavio43@email.com', 'otavio_m'),
(44, 'Paula Fernandes', 'paulinha', '1995-10-30', 'paula44@email.com', 'paula_f'),
(45, 'Caio Castro', 'caio_c', NULL, 'caio45@email.com', 'caio_castro'),
(46, 'Bruna Marquezine', 'bruninha', '1996-02-12', 'bruna46@email.com', 'bruna_marq'),
(47, 'Arthur Aguiar', 'arthur_a', '1994-05-25', 'arthur47@email.com', 'arthur_ag'),
(48, 'Sabrina Sato', 'sabrinita', NULL, 'sabrina48@email.com', 'sabrina_sato'),
(49, 'Tiago Leifert', 'tiagao_l', '1991-09-03', 'tiago49@email.com', 'tiago_leifert'),
(50, 'Rafa Kalimann', 'rafa_k', '1997-01-19', 'rafa50@email.com', 'rafa_kalimann'),
(51, 'Alexandre Nero', 'nero123', '1989-12-28', 'alexandre51@email.com', 'alex_nero'),
(52, 'Giovanna Antonelli', 'gio_ant', NULL, 'giovanna52@email.com', 'gio_antonelli'),
(53, 'Murilo Benício', 'murilito', '1992-07-14', 'murilo53@email.com', 'murilo_b'),
(54, 'Paolla Oliveira', 'paollita', '1994-11-20', 'paolla54@email.com', 'paolla_oli'),
(55, 'Reynaldo Gianecchini', 'giane', NULL, 'reynaldo55@email.com', 'reynaldo_g'),
(56, 'Taís Araújo', 'tais_a', '1993-04-10', 'tais56@email.com', 'tais_araujo'),
(57, 'Lázaro Ramos', 'lazinho', '1991-03-22', 'lazaro57@email.com', 'lazaro_ramos'),
(58, 'Camila Pitanga', 'pitanga', NULL, 'camila58@email.com', 'camila_pit'),
(59, 'Cauã Reymond', 'caua123', '1995-08-16', 'caua59@email.com', 'caua_reymond'),
(60, 'Alinne Moraes', 'alinne_m', '1996-10-05', 'alinne60@email.com', 'alinne_moraes'),
(61, 'Marcos Pasquim', 'pasquim', '1990-02-11', 'marcos61@email.com', 'marcos_pasq'),
(62, 'Danielle Winits', 'dan_w', NULL, 'danielle62@email.com', 'danielle_w'),
(63, 'Henri Castelli', 'henrizito', '1993-06-18', 'henri63@email.com', 'henri_castelli'),
(64, 'Deborah Secco', 'dede_secco', '1994-09-29', 'deborah64@email.com', 'deborah_secco'),
(65, 'Rodrigo Santoro', 'santoro', NULL, 'rodrigo65@email.com', 'rodrigo_sant'),
(66, 'Juliana Paes', 'juju_paes', '1996-05-20', 'juliana66@email.com', 'juliana_paes'),
(67, 'Emilio Dantas', 'emilio_d', '1992-01-14', 'emilio67@email.com', 'emilio_dantas'),
(68, 'Isis Valverde', 'isis_v', NULL, 'isis68@email.com', 'isis_valverde'),
(69, 'Fiuk Castro', 'fiuk123', '1997-11-02', 'fiuk69@email.com', 'fiuk_castro'),
(70, 'Carol Castro', 'carol_c1', '1994-03-27', 'carol70@email.com', 'carol_castro1'),
(71, 'Marcelo Antony', 'antony_m', '1988-10-12', 'marcelo71@email.com', 'marcelo_antony'),
(72, 'Carolina Dieckmann', 'carol_d', NULL, 'carolina72@email.com', 'carol_dieck'),
(73, 'Eduardo Moscovis', 'du_mosc', '1991-06-08', 'eduardo73@email.com', 'edu_moscovis'),
(74, 'Flávia Alessandra', 'flavinha', '1995-02-24', 'flavia74@email.com', 'flavia_ale'),
(75, 'Otaviano Costa', 'otaviano', NULL, 'otaviano75@email.com', 'otaviano_c'),
(76, 'Malvino Salvador', 'malvino', '1993-07-19', 'malvino76@email.com', 'malvino_salv'),
(77, 'Kyra Gracie', 'kyra_g', '1996-12-11', 'kyra77@email.com', 'kyra_gracie'),
(78, 'Chay Suede', 'chay_s', NULL, 'chay78@email.com', 'chay_suede'),
(79, 'Laura Neiva', 'laurinha', '1997-09-04', 'laura79@email.com', 'laura_neiva'),
(80, 'Rômulo Estrela', 'romulo', '1992-04-16', 'romulo80@email.com', 'romulo_estrela'),
(81, 'Lucy Alves', 'lucy_a', '1994-10-30', 'lucy81@email.com', 'lucy_alves'),
(82, 'Jade Picon', 'jade_p', NULL, 'jade82@email.com', 'jade_picon'),
(83, 'Humberto Martins', 'humberto', '1989-03-21', 'humberto83@email.com', 'humberto_m'),
(84, 'Giovanna Lancellotti', 'gio_lance', '1996-08-09', 'giovanna84@email.com', 'gio_lance'),
(85, 'Danilo Mesquita', 'dan_mesq', NULL, 'danilo85@email.com', 'danilo_mesq'),
(86, 'Chico César', 'chico_c', '1991-01-17', 'chico86@email.com', 'chico_cesar'),
(87, 'Zeca Baleiro', 'zeca_b', '1993-05-22', 'zeca87@email.com', 'zeca_baleiro'),
(88, 'Lenine Santos', 'lenine_s', NULL, 'lenine88@email.com', 'lenine_santos'),
(89, 'Seu Jorge', 'seu_jorge', '1988-09-14', 'jorge89@email.com', 'seu_jorge'),
(90, 'Marisa Monte', 'marisa_m', '1992-07-26', 'marisa90@email.com', 'marisa_monte'),
(91, 'Arnaldo Antunes', 'arnaldo', '1990-11-02', 'arnaldo91@email.com', 'arnaldo_ant'),
(92, 'Carlinhos Brown', 'brown123', NULL, 'carlinhos92@email.com', 'carlinhos_brown'),
(93, 'Ivete Sangalo', 'veveta', '1994-06-18', 'ivete93@email.com', 'veveta_sangalo'),
(94, 'Claudia Leitte', 'claudinha', '1995-04-10', 'claudia94@email.com', 'claudia_leitte'),
(95, 'Daniela Mercury', 'daniela', NULL, 'daniela95@email.com', 'daniela_mercury'),
(96, 'Margareth Menezes', 'marga', '1991-08-29', 'margareth96@email.com', 'marga_menezes'),
(97, 'Gilberto Gil', 'gil_gil', '1987-03-26', 'gilberto97@email.com', 'gilberto_gil'),
(98, 'Caetano Veloso', 'caetano', NULL, 'caetano98@email.com', 'caetano_veloso'),
(99, 'Gal Costa', 'gal_costa', '1989-10-14', 'gal99@email.com', 'gal_costa'),
(100, 'Maria Bethânia', 'bethania', '1992-02-11', 'maria100@email.com', 'maria_bethania'),
(101, 'Chico Buarque', 'chico_b', '1988-06-19', 'chico101@email.com', 'chico_buarque'),
(102, 'Tom Jobim', 'tom_jobim', NULL, 'tom102@email.com', 'tom_jobim'),
(103, 'Vinicius de Moraes', 'vinicius', '1986-10-19', 'vinicius103@email.com', 'vinicius_moraes'),
(104, 'Baden Powell', 'baden_p', '1993-01-05', 'baden104@email.com', 'baden_powell'),
(105, 'Toquinho Silva', 'toquinho', NULL, 'toquinho105@email.com', 'toquinho_silva'),
(106, 'Miúcha Buarque', 'miucha', '1991-11-30', 'miucha106@email.com', 'miucha_b'),
(107, 'João Gilberto', 'joao_g', '1987-06-10', 'joao107@email.com', 'joao_gilberto'),
(108, 'Astrud Gilberto', 'astrud', NULL, 'astrud108@email.com', 'astrud_gilberto'),
(109, 'Nara Leão', 'nara_l', '1992-01-19', 'nara109@email.com', 'nara_leao'),
(110, 'Elis Regina', 'pimentinha', '1990-03-17', 'elis110@email.com', 'elis_regina'),
(111, 'Milton Nascimento', 'bituca', '1989-10-26', 'milton111@email.com', 'milton_nasci'),
(112, 'Lô Borges', 'lo_borges', NULL, 'lo112@email.com', 'lo_borges_clube'),
(113, 'Beto Guedes', 'beto_g', '1991-08-13', 'beto113@email.com', 'beto_guedes'),
(114, 'Flávio Venturini', 'flavio_v', '1994-07-23', 'flavio114@email.com', 'flavio_vent'),
(115, 'Toninho Horta', 'toninho', NULL, 'toninho115@email.com', 'toninho_horta'),
(116, 'Wagner Tiso', 'wagner_t', '1990-12-12', 'wagner116@email.com', 'wagner_tiso'),
(117, 'Nivaldo Ornelas', 'nivaldo', '1993-04-20', 'nivaldo117@email.com', 'nivaldo_ornelas'),
(118, 'Robertinho Silva', 'robertinho', NULL, 'robertinho118@email.com', 'robertinho_silva'),
(119, 'Márcio Borges', 'marcio_b', '1988-01-31', 'marcio119@email.com', 'marcio_borges'),
(120, 'Fernando Brant', 'brant_f', '1992-10-09', 'fernando120@email.com', 'fernando_brant'),
(121, 'Alceu Valença', 'alceu_v', '1991-07-01', 'alceu121@email.com', 'alceu_valenca'),
(122, 'Geraldo Azevedo', 'geraldo', NULL, 'geraldo122@email.com', 'geraldo_azevedo'),
(123, 'Elba Ramalho', 'elba_r', '1993-08-17', 'elba123@email.com', 'elba_ramalho'),
(124, 'Zé Ramalho', 'ze_ramalho', '1989-10-03', 'ze124@email.com', 'ze_ramalho_oficial'),
(125, 'Fagner Silva', 'fagner_s', NULL, 'fagner125@email.com', 'fagner_silva'),
(126, 'Belchior Carlos', 'belchior', '1990-10-26', 'belchior126@email.com', 'belchior_eterno'),
(127, 'Ednardo Costa', 'ednardo', '1992-04-17', 'ednardo127@email.com', 'ednardo_costa'),
(128, 'Amelinha Santos', 'amelinha', NULL, 'amelinha128@email.com', 'amelinha_santos'),
(129, 'Robertinho do Recife', 'robert_rec', '1994-11-23', 'robertinho129@email.com', 'robertinho_rec'),
(130, 'Hermeto Pascoal', 'hermeto', '1987-06-22', 'hermeto130@email.com', 'hermeto_pascoal');

--------------------------------------------------------------------------------------------------
-- 2. DESENVOLVEDORA (130 registros)
--------------------------------------------------------------------------------------------------
INSERT INTO Desenvolvedora (id_desenvolvedora, comissao_plat, razao_social, cnpj) VALUES
(1, '30%', 'Valve Corporation', '11.111.111/0001-01'),
(2, NULL, 'Epic Games Inc', '22.222.222/0001-02'),
(3, '20%', 'Ubisoft Entertainment', '33.333.333/0001-03'),
(4, '30%', 'Electronic Arts Inc', '44.444.444/0001-04'),
(5, NULL, 'Rockstar Games SAS', '55.555.555/0001-05'),
(6, '15%', 'CD Projekt Red', '66.666.666/0001-06'),
(7, '25%', 'Square Enix Co Ltd', '77.777.777/0001-07'),
(8, NULL, 'Capcom Co Ltd', '88.888.888/0001-08'),
(9, '30%', 'Bandai Namco Entertainment', '99.999.999/0001-09'),
(10, '12%', 'Bethesda Softworks', '10.101.101/0001-10'),
(11, '30%', 'Activision Blizzard', '11.121.121/0001-11'),
(12, NULL, 'Sony Interactive Ent', '12.131.131/0001-12'),
(13, '25%', 'Microsoft Gaming', '13.141.141/0001-13'),
(14, '20%', 'Nintendo Co Ltd', '14.151.151/0001-14'),
(15, NULL, 'Sega Corporation', '15.161.161/0001-15'),
(16, '30%', 'Konami Digital Ent', '16.171.171/0001-16'),
(17, '10%', 'Take-Two Interactive', '17.181.181/0001-17'),
(18, NULL, 'Bungie Inc', '18.191.191/0001-18'),
(19, '30%', 'Bioware Studio', '19.201.201/0001-19'),
(20, '25%', 'FromSoftware Inc', '20.211.211/0001-20'),
(21, '30%', 'Studio MDHR', '21.221.221/0001-21'),
(22, NULL, 'Supergiant Games', '22.231.231/0001-22'),
(23, '15%', 'Team Cherry Pty Ltd', '23.241.241/0001-23'),
(24, '30%', 'Mojang Studios', '24.251.251/0001-24'),
(25, NULL, 'Paradox Interactive', '25.261.261/0001-25'),
(26, '20%', 'Insomniac Games', '26.271.271/0001-26'),
(27, '30%', 'Naughty Dog LLC', '27.281.281/0001-27'),
(28, NULL, 'Santa Monica Studio', '28.291.291/0001-28'),
(29, '12%', 'Guerrilla Games', '29.301.301/0001-29'),
(30, '30%', 'Respawn Entertainment', '30.311.311/0001-30'),
(31, '30%', 'Techland Sp z o o', '31.321.321/0001-31'),
(32, NULL, 'Warner Bros Games', '32.331.331/0001-32'),
(33, '20%', 'Crytek GmbH', '33.341.341/0001-33'),
(34, '30%', 'Remedy Entertainment', '34.351.351/0001-34'),
(35, NULL, 'Gearbox Software', '35.361.361/0001-35'),
(36, '15%', 'InXile Entertainment', '36.371.371/0001-36'),
(37, '25%', 'Obsidian Entertainment', '37.381.381/0001-37'),
(38, NULL, 'Relic Entertainment', '38.391.391/0001-38'),
(39, '30%', 'Creative Assembly', '39.401.401/0001-39'),
(40, '12%', 'Firaxis Games', '40.411.411/0001-40'),
(41, '30%', 'Relogic Studio', '41.421.421/0001-41'),
(42, NULL, 'Facepunch Studios', '42.431.431/0001-42'),
(43, '25%', 'Bohemia Interactive', '43.441.441/0001-43'),
(44, '20%', 'Digital Extremes', '44.451.451/0001-44'),
(45, NULL, 'Grinding Gear Games', '45.461.461/0001-45'),
(46, '30%', 'IO Interactive A/S', '46.471.471/0001-46'),
(47, '30%', 'MachineGames', '47.481.481/0001-47'),
(48, NULL, 'Arkane Studios', '48.491.491/0001-48'),
(49, '12%', 'id Software', '49.501.501/0001-49'),
(50, '30%', 'Avalanche Studios', '50.511.511/0001-50'),
(51, '30%', 'NetherRealm Studios', '51.521.521/0001-51'),
(52, NULL, 'Monolith Productions', '52.531.531/0001-52'),
(53, '20%', 'Rocksteady Studios', '53.541.541/0001-53'),
(54, '30%', 'PlatinumGames', '54.551.551/0001-54'),
(55, NULL, 'Kojima Productions', '55.561.561/0001-55'),
(56, '15%', 'Asobo Studio', '56.571.571/0001-56'),
(57, '25%', 'Quantic Dream', '57.581.581/0001-57'),
(58, NULL, 'Frictional Games', '58.591.591/0001-58'),
(59, '30%', 'Bloober Team', '59.601.601/0001-59'),
(60, '12%', 'Red Barrels', '60.611.611/0001-60'),
(61, '30%', 'Hazelight Studios', '61.621.621/0001-61'),
(62, NULL, 'Media Molecule', '62.631.631/0001-62'),
(63, '25%', 'Polyphony Digital', '63.641.641/0001-63'),
(64, '20%', 'Turn 10 Studios', '64.651.651/0001-64'),
(65, NULL, 'Playground Games', '65.661.661/0001-65'),
(66, '30%', 'Codemasters', '66.671.671/0001-66'),
(67, '30%', 'Criterion Games', '67.681.681/0001-67'),
(68, NULL, 'Slightly Mad Studios', '68.691.691/0001-68'),
(69, '12%', 'Milestone Srl', '69.701.701/0001-69'),
(70, '30%', 'Yuke Co Ltd', '70.711.711/0001-70'),
(71, '30%', 'Visual Concepts', '71.721.721/0001-71'),
(72, NULL, 'EA Sports', '72.731.731/0001-72'),
(73, '20%', 'Konami Tokyo', '73.741.741/0001-73'),
(74, '30%', 'Sports Interactive', '74.751.751/0001-74'),
(75, NULL, 'Frontier Developments', '75.761.761/0001-75'),
(76, '15%', 'BlueByte', '76.771.771/0001-76'),
(77, '25%', 'Maxis Studio', '77.781.781/0001-77'),
(78, NULL, 'PopCap Games', '78.791.791/0001-78'),
(79, '30%', 'Rovio Entertainment', '79.801.801/0001-79'),
(80, '12%', 'King Digital Ent', '80.811.811/0001-80'),
(81, '30%', 'Supercell Oy', '81.821.821/0001-81'),
(82, NULL, 'Niantic Inc', '82.831.831/0001-82'),
(83, '25%', 'Riot Games Inc', '83.841.841/0001-83'),
(84, '20%', 'Valve South', '84.851.851/0001-84'),
(85, NULL, 'Blizzard Irvine', '85.861.861/0001-85'),
(86, '30%', 'Sledgehammer Games', '86.871.871/0001-86'),
(87, '30%', 'Infinity Ward', '87.881.881/0001-87'),
(88, NULL, 'Treyarch Corporation', '88.891.891/0001-88'),
(89, '12%', 'Raven Software', '89.901.901/0001-89'),
(90, '30%', 'DICE Stockholm', '90.911.911/0001-90'),
(91, '30%', 'Visceral Games', '91.921.921/0001-91'),
(92, NULL, 'BioWare Edmonton', '92.931.931/0001-92'),
(93, '20%', 'Massive Entertainment', '93.941.941/0001-93'),
(94, '30%', 'Ivory Tower', '94.951.951/0001-94'),
(95, NULL, 'Reflections Ubisoft', '95.961.961/0001-95'),
(96, '15%', 'Ubisoft Montreal', '96.971.971/0001-96'),
(97, '25%', 'Ubisoft Toronto', '97.981.981/0001-97'),
(98, NULL, 'Ubisoft Paris', '98.991.991/0001-98'),
(99, '30%', 'Eidos Montreal', '99.001.001/0001-99'),
(100, '12%', 'Crystal Dynamics', '10.011.011/0002-00'),
(101, '30%', 'Larian Studios', '10.021.021/0002-01'),
(102, NULL, 'InnerSloth LLC', '10.031.031/0002-02'),
(103, '25%', 'Mediatonic', '10.041.041/0002-03'),
(104, '20%', 'Psyonix LLC', '10.051.051/0002-04'),
(105, NULL, 'Epic Games Korea', '10.061.061/0002-05'),
(106, '30%', 'People Can Fly', '10.071.071/0002-06'),
(107, '30%', 'Gearbox Quebec', '10.081.081/0002-07'),
(108, NULL, 'Defiant Studios', '10.091.091/0002-08'),
(109, '12%', 'Flying Wild Hog', '10.111.111/0002-09'),
(110, '30%', 'Telltale Games', '10.121.121/0002-10'),
(111, '30%', 'Deck Nine Games', '10.131.131/0002-11'),
(112, NULL, 'Dontnod Entertainment', '10.141.141/0002-12'),
(113, '20%', 'Quantic Dream Paris', '10.151.151/0002-13'),
(114, '30%', 'Supermassive Games', '10.161.161/0002-14'),
(115, NULL, 'Capcom Vancouver', '10.171.171/0002-15'),
(116, '15%', 'Klei Entertainment', '10.181.181/0002-16'),
(117, '25%', 'Red Hook Studios', '10.191.191/0002-17'),
(118, NULL, 'Unknown Worlds Ent', '10.201.201/0002-18'),
(119, '30%', 'Facepunch London', '10.211.211/0002-19'),
(120, '12%', 'Rust Studio', '10.221.221/0002-20'),
(121, '30%', 'Iron Gate Studio', '10.231.231/0002-21'),
(122, NULL, 'Coffee Stain Studios', '10.241.241/0002-22'),
(123, '25%', 'Ghost Ship Games', '10.251.251/0002-23'),
(124, '20%', 'Saber Interactive', '10.261.261/0002-24'),
(125, NULL, 'Focus Entertainment', '10.271.271/0002-25'),
(126, '30%', 'Amanita Design', '10.281.281/0002-26'),
(127, '30%', 'Playdead Studio', '10.291.291/0002-27'),
(128, NULL, 'Moon Studios', '10.301.301/0002-28'),
(129, '12%', 'Griot Games', '10.311.311/0002-29'),
(130, '30%', 'Behold Studios', '10.321.321/0002-30');

--------------------------------------------------------------------------------------------------
-- 3. PRODUTO (260 registros -> 1 a 130 serão Jogos, 131 a 260 serão DLCs)
--------------------------------------------------------------------------------------------------
INSERT INTO Produto (id_produto, id_desenvolvedora, data_lancamento, Nome, tags, descricao, tipo_produto, preco_base, status) VALUES
-- 1 a 130 (Jogos)
(1, 1, '2012-08-21', 'Counter-Strike 2', 'FPS, Shooter, Competitivo', 'O shooter competitivo definitivo', 'Jogo', 0.00, 'Ativo'),
(2, 1, '2013-07-09', 'Dota 2', 'MOBA, Estratégia', NULL, 'Jogo', 0.00, 'Ativo'),
(3, 2, '2017-07-21', 'Fortnite', 'Battle Royale, Construção', 'Sobreviva até o fim', 'Jogo', 0.00, 'Ativo'),
(4, 5, '2013-09-17', 'Grand Theft Auto V', NULL, 'Mundo aberto de crime e ação', 'Jogo', 149.90, 'Ativo'),
(5, 5, '2018-10-26', 'Red Dead Redemption 2', 'Mundo Aberto, Velho Oeste', 'A saga de Arthur Morgan', 'Jogo', 249.00, 'Ativo'),
(6, 6, '2015-05-19', 'The Witcher 3: Wild Hunt', 'RPG, Fantasia, História', NULL, 'Jogo', 129.99, 'Ativo'),
(7, 6, '2020-12-10', 'Cyberpunk 2077', NULL, 'RPG de ficção científica em Night City', 'Jogo', 199.90, 'Ativo'),
(8, 20, '2022-02-25', 'Elden Ring', 'Soulslike, RPG, Difícil', 'Explore as Terras Intermédias', 'Jogo', 229.90, 'Ativo'),
(9, 20, '2016-04-12', 'Dark Souls III', 'Soulslike, RPG', NULL, 'Jogo', 159.00, 'Ativo'),
(10, 20, '2019-03-22', 'Sekiro: Shadows Die Twice', 'Ação, Ninja, Difícil', 'A vingança de um shinobi', 'Jogo', 199.00, 'Ativo'),
(11, 8, '2019-01-25', 'Resident Evil 2 Remake', 'Terror, Sobrevivência', 'Fuja de Raccoon City', 'Jogo', 139.90, 'Ativo'),
(12, 8, '2021-05-07', 'Resident Evil Village', NULL, 'A jornada de Ethan Winters', 'Jogo', 179.90, 'Ativo'),
(13, 8, '2023-03-24', 'Resident Evil 4 Remake', 'Ação, Terror', 'Salve a filha do presidente', 'Jogo', 249.00, 'Ativo'),
(14, 8, '2018-01-26', 'Monster Hunter: World', 'Ação, Caça, Cooperativo', NULL, 'Jogo', 99.90, 'Ativo'),
(15, 9, '2024-01-26', 'Tekken 8', 'Luta, Competitivo', 'O próximo capítulo da linhagem Mishima', 'Jogo', 299.00, 'Ativo'),
(16, 9, '2018-10-19', 'Soulcalibur VI', NULL, 'Luta baseada em armas', 'Jogo', 159.00, 'Descontinuado'),
(17, 3, '2015-12-01', 'Rainbow Six Siege', 'Tático, FPS', 'Destruição e tática em equipe', 'Jogo', 59.99, 'Ativo'),
(18, 3, '2020-10-29', 'Watch Dogs: Legion', 'Hacking, Mundo Aberto', NULL, 'Jogo', 249.90, 'Ativo'),
(19, 3, '2019-03-15', 'The Division 2', 'Looter Shooter, RPG', 'Salve Washington D.C.', 'Jogo', 89.90, 'Ativo'),
(20, 3, '2021-10-06', 'Far Cry 6', 'Ação, Tiro, Mundo Aberto', 'Lute contra um ditador', 'Jogo', 249.90, 'Ativo'),
(21, 4, '2014-09-02', 'The Sims 4', 'Simulação, Vida', NULL, 'Jogo', 0.00, 'Ativo'),
(22, 4, '2021-10-12', 'FIFA 22', 'Esporte, Futebol', 'O jogo de futebol do ano', 'Jogo', 249.00, 'Descontinuado'),
(23, 4, '2022-09-30', 'FIFA 23', NULL, 'Último título com a marca FIFA', 'Jogo', 299.00, 'Ativo'),
(24, 4, '2019-11-15', 'Star Wars Jedi: Fallen Order', 'Ação, Aventura, Jedi', 'Torne-se um Jedi', 'Jogo', 199.00, 'Ativo'),
(25, 4, '2023-04-28', 'Star Wars Jedi: Survivor', 'Ação, Aventura', NULL, 'Jogo', 339.00, 'Ativo'),
(26, 7, '2018-09-14', 'Shadow of the Tomb Raider', 'Aventura, Exploração', 'O ápice de Lara Croft', 'Jogo', 144.00, 'Ativo'),
(27, 7, '2016-10-11', 'Rise of the Tomb Raider', NULL, 'Sobrevivência na Sibéria', 'Jogo', 129.00, 'Ativo'),
(28, 7, '2013-03-05', 'Tomb Raider Reboot', 'Ação, Aventura', 'Onde tudo começou', 'Jogo', 39.90, 'Ativo'),
(29, 7, '2021-04-23', 'NieR Replicant', 'RPG, História profunda', NULL, 'Jogo', 249.00, 'Ativo'),
(30, 7, '2017-03-17', 'NieR: Automata', 'Ação, Hack and Slash', 'Pela glória da humanidade', 'Jogo', 139.90, 'Ativo'),
(31, 10, '2011-11-11', 'The Elder Scrolls V: Skyrim', 'RPG, Mundo Aberto', 'Fus Ro Dah!', 'Jogo', 149.00, 'Ativo'),
(32, 10, '2015-11-10', 'Fallout 4', NULL, 'Bem-vindo de volta à Comunidade', 'Jogo', 79.90, 'Ativo'),
(33, 10, '2018-11-14', 'Fallout 76', 'Multijogador, Sobrevivência', 'Reconstrua a América juntos', 'Jogo', 149.00, 'Ativo'),
(34, 10, '2023-09-06', 'Starfield', 'Espaço, RPG', NULL, 'Jogo', 299.00, 'Ativo'),
(35, 10, '2016-05-13', 'DOOM', 'Frenético, FPS, Gore', 'Mate todos os demônios', 'Jogo', 59.00, 'Ativo'),
(36, 10, '2020-03-20', 'DOOM Eternal', 'FPS, Ação Rápida', NULL, 'Jogo', 149.00, 'Ativo'),
(37, 13, '2021-10-28', 'Age of Empires IV', 'Estratégia, RTS', 'Construa seu império na história', 'Jogo', 99.90, 'Ativo'),
(38, 13, '2019-11-14', 'Age of Empires II: DE', NULL, 'O clássico definitivo de estratégia', 'Jogo', 39.99, 'Ativo'),
(39, 13, '2020-08-18', 'Microsoft Flight Simulator', 'Simulação, Avião', 'Voe para qualquer lugar do mundo', 'Jogo', 249.00, 'Ativo'),
(40, 13, '2019-09-10', 'Gears 5', 'Ação, Tiro em Terceira Pessoa', NULL, 'Jogo', 129.00, 'Ativo'),
(41, 13, '2021-12-08', 'Halo Infinite', 'FPS, Arena, Sci-Fi', 'O retorno do Master Chief', 'Jogo', 249.00, 'Ativo'),
(42, 13, '2020-05-26', 'Minecraft Dungeons', 'Dungeon Crawler', NULL, 'Jogo', 74.95, 'Ativo'),
(43, 24, '2011-11-18', 'Minecraft Vanilla', 'Sandbox, Construção', 'Sua imaginação é o limite', 'Jogo', 99.00, 'Ativo'),
(44, 25, '2015-08-13', 'Cities: Skylines', 'Construção de Cidade', NULL, 'Jogo', 88.99, 'Ativo'),
(45, 25, '2023-10-24', 'Cities: Skylines II', 'Simulação, Urbanismo', 'Construa cidades gigantescas', 'Jogo', 249.00, 'Ativo'),
(46, 25, '2016-05-09', 'Stellaris', 'Estratégia, Espaço', NULL, 'Jogo', 107.99, 'Ativo'),
(47, 25, '2012-02-14', 'Crusader Kings II', 'Grande Estratégia', 'Mantenha sua dinastia viva', 'Jogo', 0.00, 'Ativo'),
(48, 25, '2020-09-01', 'Crusader Kings III', 'RPG, Estratégia', NULL, 'Jogo', 165.99, 'Ativo'),
(49, 25, '2013-08-13', 'Europa Universalis IV', 'História, Estratégia', 'Domine o mundo medieval/moderno', 'Jogo', 107.99, 'Ativo'),
(50, 25, '2016-06-06', 'Hearts of Iron IV', 'Segunda Guerra, RTS', NULL, 'Jogo', 107.99, 'Ativo'),
(51, 11, '2023-09-19', 'Mortal Kombat 1', 'Luta, Fatalities', 'Um novo universo moldado por Liu Kang', 'Jogo', 279.00, 'Ativo'),
(52, 51, '2019-04-23', 'Mortal Kombat 11', NULL, 'A saga temporal dos lutadores', 'Jogo', 179.90, 'Ativo'),
(53, 51, '2015-04-14', 'Mortal Kombat X', 'Luta, Sangrento', 'A nova geração de combatentes', 'Jogo', 89.90, 'Ativo'),
(54, 51, '2013-04-16', 'Injustice: Gods Among Us', NULL, 'Heróis e vilões da DC lutando', 'Jogo', 39.90, 'Ativo'),
(55, 51, '2017-05-16', 'Injustice 2', 'Luta, DC Comics', 'O regime do Superman continua', 'Jogo', 129.90, 'Ativo'),
(56, 32, '2022-10-18', 'Gotham Knights', 'Heróis, Ação', NULL, 'Jogo', 299.00, 'Ativo'),
(57, 53, '2015-06-23', 'Batman: Arkham Knight', 'Heróis, Morcego', 'Seja o Batman na noite final', 'Jogo', 119.90, 'Ativo'),
(58, 53, '2011-10-18', 'Batman: Arkham City', NULL, 'A prisão a céu aberto de Gotham', 'Jogo', 39.90, 'Ativo'),
(59, 53, '2009-08-25', 'Batman: Arkham Asylum', 'Ação, Furtividade', 'Controle o hospício mais famoso', 'Jogo', 39.90, 'Ativo'),
(60, 32, '2013-10-25', 'Batman: Arkham Origins', NULL, 'O início da lenda do morcego', 'Jogo', 39.90, 'Ativo'),
(61, 32, '2018-01-26', 'Lego Marvel Super Heroes 2', 'Lego, Infantil, Heróis', 'Destaque-se no tempo com os heróis', 'Jogo', 129.00, 'Ativo'),
(62, 32, '2013-10-22', 'Lego Marvel Super Heroes', NULL, 'A cidade de NY em blocos Lego', 'Jogo', 39.90, 'Ativo'),
(63, 32, '2016-01-26', 'Lego Marvel Avengers', 'Lego, Vingadores', 'A história dos filmes em Lego', 'Jogo', 89.90, 'Ativo'),
(64, 32, '2015-05-19', 'Lego Jurassic World', NULL, 'Dinossauros em formato de bloco', 'Jogo', 39.90, 'Ativo'),
(65, 32, '2014-11-11', 'Lego Batman 3: Beyond Gotham', 'Lego, Espaço, DC', 'Lute no espaço sideral', 'Jogo', 39.90, 'Ativo'),
(66, 32, '2012-06-19', 'Lego Batman 2: DC Super Heroes', NULL, 'Primeiro jogo Lego com vozes', 'Jogo', 39.90, 'Ativo'),
(67, 32, '2008-09-23', 'Lego Batman: The Videogame', 'Lego, Clássico', 'Clássico absoluto do Morcego', 'Jogo', 39.90, 'Ativo'),
(68, 32, '2018-10-16', 'Lego DC Super-Villains', NULL, 'Seja o vilão da sua própria história', 'Jogo', 149.90, 'Ativo'),
(69, 32, '2011-09-27', 'Lego Harry Potter: Years 5-7', 'Lego, Magia', 'Os últimos anos de Harry em Hogwarts', 'Jogo', 39.90, 'Ativo'),
(70, 32, '2010-06-29', 'Lego Harry Potter: Years 1-4', NULL, 'Os primeiros passos do bruxo', 'Jogo', 39.90, 'Ativo'),
(71, 32, '2016-06-28', 'Lego Star Wars: The Force Awakens', 'Lego, Star Wars', 'O Despertar da Força em blocos', 'Jogo', 89.90, 'Ativo'),
(72, 32, '2022-04-05', 'Lego Star Wars: Skywalker Saga', NULL, 'Todos os 9 filmes em um só jogo', 'Jogo', 199.90, 'Ativo'),
(73, 101, '2023-08-03', 'Baldurs Gate 3', 'RPG, Turnos, D&D', 'Decida o destino de Faerûn', 'Jogo', 199.90, 'Ativo'),
(74, 101, '2017-09-14', 'Divinity: Original Sin 2', NULL, 'RPG tático de turnos aclamado', 'Jogo', 90.99, 'Ativo'),
(75, 23, '2017-02-24', 'Hollow Knight', 'Metroidvania, Indie', 'Explore o reino de Hallownest', 'Jogo', 27.99, 'Ativo'),
(76, 22, '2020-09-17', 'Hades', 'Roguelike, Mitologia Grega', 'Fuja do submundo grego', 'Jogo', 73.99, 'Ativo'),
(77, 22, '2014-05-20', 'Transistor', 'Indie, Ficção Científica', 'Uma espada falante e uma cantora', 'Jogo', 36.99, 'Ativo'),
(78, 22, '2011-08-16', 'Bastion', NULL, 'Narrador dinâmico em um mundo destruído', 'Jogo', 27.99, 'Ativo'),
(79, 22, '2017-07-25', 'Pyre', 'RPG, Esporte Místico', 'Lute pela liberdade do seu clã', 'Jogo', 36.99, 'Ativo'),
(80, 21, '2017-09-29', 'Cuphead', 'Desenho antigo, Muito difícil', 'Não faça pacto com o Diabo', 'Jogo', 36.99, 'Ativo'),
(81, 41, '2011-05-16', 'Terraria', 'Sandbox, 2D, RPG', 'Cave, lute, explore, construa', 'Jogo', 19.99, 'Ativo'),
(82, 102, '2018-06-15', 'Among Us', 'Espacial, Traição, Casual', 'Descubra quem é o impostor', 'Jogo', 10.89, 'Ativo'),
(83, 104, '2015-07-07', 'Rocket League', 'Carros, Futebol', 'Futebol com carros tunados', 'Jogo', 0.00, 'Ativo'),
(84, 116, '2013-04-23', 'Dont Starve', 'Sobrevivência, Gótico, Difícil', 'Não morra de fome na floresta', 'Jogo', 20.69, 'Ativo'),
(85, 116, '2016-04-21', 'Dont Starve Together', 'Cooperativo, Sobrevivência', 'Sobreviva com seus amigos', 'Jogo', 27.99, 'Ativo'),
(86, 116, '2014-05-14', 'Invisible Inc', NULL, 'Espionagem em turnos táticos', 'Jogo', 36.99, 'Ativo'),
(87, 116, '2012-10-16', 'Mark of the Ninja', 'Ninja, Furtividade', 'A marca te dá poder e loucura', 'Jogo', 36.99, 'Ativo'),
(88, 116, '2018-05-29', 'Oxygen Not Included', 'Colônia espacial, Simulação', 'Gerencie oxigênio e fluidos', 'Jogo', 45.99, 'Ativo'),
(89, 118, '2018-01-23', 'Subnautica', 'Sobrevivência Marinha', 'Explore o oceano alienígena', 'Jogo', 57.99, 'Ativo'),
(90, 118, '2021-05-14', 'Subnautica: Below Zero', NULL, 'Sobrevivência no gelo alienígena', 'Jogo', 57.99, 'Ativo'),
(91, 122, '2014-04-01', 'Goat Simulator', 'Zoeira, Cabra, Sandbox', 'Seja uma cabra destruidora', 'Jogo', 19.99, 'Ativo'),
(92, 122, '2022-11-17', 'Goat Simulator 3', NULL, 'A cabra voltou com amigos online', 'Jogo', 149.00, 'Ativo'),
(93, 122, '2019-03-19', 'Satisfactory', 'Fábrica, Automação, 3D', 'Construa fábricas automatizadas', 'Jogo', 88.99, 'Ativo'),
(94, 121, '2021-02-02', 'Valheim', 'Viking, Sobrevivência', 'Pelo Purgatório Viking rumo a Valhalla', 'Jogo', 37.99, 'Ativo'),
(95, 123, '2018-02-28', 'Deep Rock Galactic', 'Anões, Mineração, Espacial', 'Minerar, beber cerveja, matar insetos', 'Jogo', 57.99, 'Ativo'),
(96, 34, '2019-08-27', 'Control', 'Sobrenatural, Ação', 'Investigue o Federal Bureau of Control', 'Jogo', 129.00, 'Ativo'),
(97, 34, '2010-05-14', 'Alan Wake', 'Suspense, Escritor, Lanterna', 'A luz é sua única arma', 'Jogo', 29.99, 'Ativo'),
(98, 34, '2023-10-27', 'Alan Wake II', NULL, 'O pesadelo continua no lugar escuro', 'Jogo', 180.00, 'Ativo'),
(99, 34, '2016-04-05', 'Quantum Break', 'Tempo, Tiro, Sci-Fi', 'Controle o tempo para lutar', 'Jogo', 72.99, 'Ativo'),
(100, 46, '2016-03-11', 'Hitman 1', NULL, 'Agente 47 assassinatos táticos', 'Jogo', 69.99, 'Ativo'),
(101, 46, '2018-11-13', 'Hitman 2', 'Assassinato, Furtividade', 'O mundo é sua arma', 'Jogo', 119.00, 'Ativo'),
(102, 46, '2021-01-20', 'Hitman 3', NULL, 'O encerramento da trilogia do assassino', 'Jogo', 249.00, 'Ativo'),
(103, 57, '2018-05-25', 'Detroit: Become Human', 'Escolhas, Robôs, Drama', 'O que nos torna humanos?', 'Jogo', 134.99, 'Ativo'),
(104, 57, '2013-10-08', 'Beyond: Two Souls', NULL, 'A vida ligada a uma entidade', 'Jogo', 64.99, 'Ativo'),
(105, 57, '2010-02-23', 'Heavy Rain', 'Serial Killer, Investigação', 'Até onde você vai por quem ama?', 'Jogo', 64.99, 'Ativo'),
(106, 127, '2010-07-21', 'Limbo', 'Sombrio, Quebra-cabeça, 2D', 'Um garoto em busca de sua irmã', 'Jogo', 30.00, 'Ativo'),
(107, 127, '2016-07-07', 'Inside', 'Distopia, Quebra-cabeça', 'Infiltre-se no complexo bizarro', 'Jogo', 40.00, 'Ativo'),
(108, 126, '2009-03-24', 'Machinarium', 'Robô, Point and Click', 'Ajude o robozinho a salvar a namorada', 'Jogo', 29.99, 'Ativo'),
(109, 126, '2012-04-19', 'Botanicula', 'Aventura, Natureza', 'Cinco criaturas defendendo uma semente', 'Jogo', 29.99, 'Ativo'),
(110, 126, '2016-03-24', 'Samorost 3', 'Exploração Cósmica, Místico', 'A flauta mágica espacial', 'Jogo', 39.99, 'Ativo'),
(111, 130, '2013-10-15', 'Knights of Pen and Paper', 'RPG de Mesa, Pixel Art', 'Controle os jogadores e o mestre', 'Jogo', 19.99, 'Ativo'),
(112, 130, '2015-05-14', 'Knights of Pen and Paper 2', NULL, 'Mais piadas e referências nerds', 'Jogo', 24.99, 'Ativo'),
(113, 130, '2015-08-25', 'Chroma Squad', 'Power Rangers, Estúdio', 'Gerencie seu próprio estúdio de dublês', 'Jogo', 29.99, 'Ativo'),
(114, 130, '2019-03-07', 'Galaxy of Pen and Paper', NULL, 'A versão de ficção científica do RPG', 'Jogo', 29.99, 'Ativo'),
(115, 31, '2015-01-27', 'Dying Light', 'Zumbis, Parkour', 'Boa noite, boa sorte', 'Jogo', 79.99, 'Ativo'),
(116, 31, '2022-02-04', 'Dying Light 2', NULL, 'O humano sobrevivendo na última cidade', 'Jogo', 249.00, 'Ativo'),
(117, 33, '2007-11-13', 'Crysis', 'Gráficos, Nanosuit', 'Roda Crysis?', 'Jogo', 49.99, 'Ativo'),
(118, 33, '2011-03-22', 'Crysis 2', NULL, 'A invasão alienígena em Nova York', 'Jogo', 69.99, 'Ativo'),
(119, 33, '2013-02-19', 'Crysis 3', 'Arco, Nanosuit', 'O fim da trilogia com arco tecnológico', 'Jogo', 69.99, 'Ativo'),
(120, 33, '2018-04-24', 'Hunt: Showdown', 'PVPVE, Extração, Monstros', 'Cace monstros no pântano com cowboys', 'Jogo', 89.00, 'Ativo'),
(121, 35, '2012-09-18', 'Borderlands 2', 'Looter Shooter, Comédia', 'Abra o cofre em Pandora', 'Jogo', 45.99, 'Ativo'),
(122, 35, '2019-09-13', 'Borderlands 3', NULL, 'Destrua os gêmeos Calypso', 'Jogo', 119.00, 'Ativo'),
(123, 35, '2014-10-14', 'Borderlands: Pre-Sequel', 'Espaço, Lua, Borderlands', 'Descubra a ascensão de Handsome Jack', 'Jogo', 79.99, 'Ativo'),
(124, 37, '2010-10-19', 'Fallout: New Vegas', NULL, 'A melhor experiência Fallout em Vegas', 'Jogo', 39.99, 'Ativo'),
(125, 37, '2019-10-25', 'The Outer Worlds', 'Espaço, RPG, Escolhas', 'Acorde do congelamento corporativo', 'Jogo', 149.00, 'Ativo'),
(126, 37, '2015-03-26', 'Pillars of Eternity', NULL, 'RPG Isométrico clássico moderno', 'Jogo', 74.99, 'Ativo'),
(127, 37, '2018-05-08', 'Pillars of Eternity II', 'Piratas, Isométrico', 'Navegue pelos arquipélagos', 'Jogo', 109.00, 'Ativo'),
(128, 37, '2022-11-15', 'Pentiment', 'Histórico, Investigação, Arte', 'Resolva assassinatos em manuscritos', 'Jogo', 99.00, 'Ativo'),
(129, 37, '2020-07-28', 'Grounded', 'Insetos, Quintal, Sobrevivência', 'Encolha e sobreviva no jardim', 'Jogo', 129.00, 'Ativo'),
(130, 117, '2016-01-19', 'Darkest Dungeon', 'Estresse, Roguelike, Masmorra', 'O estresse psicológico do combate', 'Jogo', 45.99, 'Ativo'),

-- 131 a 260 (DLCs baseadas nos jogos de 1 a 130)
(131, 5, '2019-12-01', 'RDR2: Outlaw Pass', 'Cosmético', 'Passo de itens estéticos online', 'DLC', 29.90, 'Ativo'),
(132, 6, '2015-10-13', 'The Witcher 3: Hearts of Stone', 'Expansão, História', NULL, 'DLC', 39.99, 'Ativo'),
(133, 6, '2016-05-31', 'The Witcher 3: Blood and Wine', 'Expansão, Nova Região', 'Explore o ducado de Toussaint', 'DLC', 79.99, 'Ativo'),
(134, 7, '2023-09-26', 'Cyberpunk 2077: Phantom Liberty', 'História, Espionagem', NULL, 'DLC', 99.90, 'Ativo'),
(135, 8, '2024-06-21', 'Elden Ring: Shadow of the Erdtree', 'Expansão, Difícil', 'A expansão no reino das sombras', 'DLC', 154.00, 'Ativo'),
(136, 9, '2016-10-25', 'Dark Souls III: Ashes of Ariandel', NULL, 'O mundo pintado de Ariandel', 'DLC', 49.90, 'Ativo'),
(137, 9, '2017-03-28', 'Dark Souls III: The Ringed City', 'Expansão, Encerramento', 'A cidade anelada no fim do mundo', 'DLC', 49.90, 'Ativo'),
(138, 11, '2019-12-18', 'RE2 Remake: All In-game Rewards', NULL, 'Desbloqueie todas as roupas e armas', 'DLC', 19.90, 'Ativo'),
(139, 12, '2022-10-28', 'RE Village: Winters Expansion', 'História, Terceira Pessoa', 'A perspectiva de Rose Winters', 'DLC', 79.90, 'Ativo'),
(140, 13, '2023-09-21', 'RE4 Remake: Separate Ways', NULL, 'A campanha secreta de Ada Wong', 'DLC', 49.90, 'Ativo'),
(141, 14, '2018-09-06', 'MH World: Iceborne', 'Expansão, Neve', 'Monstros de gelo brutais', 'DLC', 129.90, 'Ativo'),
(142, 21, '2015-03-31', 'The Sims 4: Ao Trabalho', NULL, 'Controle seus sims nos empregos', 'DLC', 159.00, 'Ativo'),
(143, 21, '2015-12-08', 'The Sims 4: Juntos à Média', 'Expansão, Balada', 'Crie clubes e saia à noite', 'DLC', 159.00, 'Ativo'),
(144, 21, '2016-11-01', 'The Sims 4: Vida na Cidade', NULL, 'More em apartamentos em San Myshuno', 'DLC', 159.00, 'Ativo'),
(145, 21, '2017-11-10', 'The Sims 4: Gatos e Cães', 'Pets, Veterinária', 'Adote animais de estimação', 'DLC', 159.00, 'Ativo'),
(146, 21, '2018-06-22', 'The Sims 4: Estações', NULL, 'Clima dinâmico de inverno e verão', 'DLC', 159.00, 'Ativo'),
(147, 21, '2018-11-16', 'The Sims 4: Rumo à Fama', 'Fama, Celebridade', 'Torne-se uma estrela mundial', 'DLC', 159.00, 'Ativo'),
(148, 21, '2019-06-21', 'The Sims 4: Ilhas Tropicais', NULL, 'Vire sereia e viva na praia', 'DLC', 159.00, 'Ativo'),
(149, 21, '2019-11-15', 'The Sims 4: Vida Universitária', 'Estudos, República', 'Faça faculdade e more no campus', 'DLC', 159.00, 'Ativo'),
(150, 21, '2020-06-05', 'The Sims 4: Vida Sustentável', NULL, 'Recicle e use energia solar', 'DLC', 159.00, 'Ativo'),
(151, 21, '2020-11-13', 'The Sims 4: Diversão na Neve', 'Esqui, Cultura Japonesa', 'Esquie no Monte Komorebi', 'DLC', 159.00, 'Ativo'),
(152, 21, '2021-07-22', 'The Sims 4: Vida no Campo', NULL, 'Crie galinhas, vacas e plante hortas', 'DLC', 159.00, 'Ativo'),
(153, 21, '2022-07-28', 'The Sims 4: Vida no Ensino Médio', 'Escola, Adolescência', 'Viva o drama da escola pública', 'DLC', 159.00, 'Ativo'),
(154, 21, '2023-03-16', 'The Sims 4: A Crescer Juntos', NULL, 'Dinâmicas familiares e bebês realistas', 'DLC', 159.00, 'Ativo'),
(155, 21, '2023-12-07', 'The Sims 4: Aluga-se', 'Apartamentos, Síndico', 'Construa e gerencie condomínios', 'DLC', 159.00, 'Ativo'),
(156, 31, '2012-05-01', 'Skyrim: Dawnguard', NULL, 'Lute ao lado ou contra os vampiros', 'DLC', 39.00, 'Ativo'),
(157, 31, '2012-10-04', 'Skyrim: Hearthfire', 'Casas, Crianças', 'Construa sua mansão do zero', 'DLC', 19.00, 'Ativo'),
(158, 31, '2012-12-04', 'Skyrim: Dragonborn', NULL, 'Viaje para Solstheim e monte dragões', 'DLC', 39.00, 'Ativo'),
(159, 32, '2015-12-01', 'Fallout 4: Automatron', 'Robôs, Customização', 'Crie seu companheiro robótico', 'DLC', 29.90, 'Ativo'),
(160, 32, '2016-04-12', 'Fallout 4: Wasteland Workshop', NULL, 'Capture monstros em jaulas', 'DLC', 15.00, 'Ativo'),
(161, 32, '2016-05-19', 'Fallout 4: Far Harbor', 'Expansão, Névoa', 'Investigue a ilha misteriosa', 'DLC', 59.90, 'Ativo'),
(162, 32, '2016-06-21', 'Fallout 4: Contraptions Workshop', NULL, 'Maquinários e esteiras de fábrica', 'DLC', 15.00, 'Ativo'),
(163, 32, '2016-07-26', 'Fallout 4: Vault-Tec Workshop', 'Construção, Vault', 'Construa seu próprio abrigo subterrâneo', 'DLC', 15.00, 'Ativo'),
(164, 32, '2016-08-30', 'Fallout 4: Nuka-World', NULL, 'Lidere gangues no parque de diversões', 'DLC', 59.90, 'Ativo'),
(165, 38, '2019-11-14', 'AoE 2: Last Khans', 'Civilizações', 'Campanhas dos mongóis', 'DLC', 19.90, 'Ativo'),
(166, 38, '2021-01-26', 'AoE 2: Lords of the West', NULL, 'Burgundios e Sicilianos entram em jogo', 'DLC', 29.90, 'Ativo'),
(167, 38, '2021-08-10', 'AoE 2: Dawn of the Dukes', 'História, Europa Oriental', 'Campanhas da Polônia e Lituânia', 'DLC', 29.90, 'Ativo'),
(168, 38, '2022-04-28', 'AoE 2: Dynasties of India', NULL, 'Três novas civilizações indianas', 'DLC', 29.90, 'Ativo'),
(169, 38, '2023-10-31', 'AoE 2: The Mountain Royals', 'Armênia, Geórgia', 'Comande os reinos do Cáucaso', 'DLC', 39.90, 'Ativo'),
(170, 44, '2015-09-24', 'Cities Skylines: After Dark', NULL, 'Ciclo dia e noite e vida noturna', 'DLC', 39.99, 'Ativo'),
(171, 44, '2016-02-18', 'Cities Skylines: Snowfall', 'Neve, Clima', 'Bondes e gerenciamento de aquecimento', 'DLC', 39.99, 'Ativo'),
(172, 44, '2016-11-29', 'Cities Skylines: Natural Disasters', NULL, 'Meteoros, terremotos e helicópteros', 'DLC', 39.99, 'Ativo'),
(173, 44, '2017-05-18', 'Cities Skylines: Mass Transit', 'Transporte', 'Monotrilhos, teleféricos e dirigíveis', 'DLC', 39.99, 'Ativo'),
(174, 44, '2017-12-05', 'Cities Skylines: Green Cities', NULL, 'Prédios ecológicos e carros elétricos', 'DLC', 39.99, 'Ativo'),
(175, 44, '2018-05-24', 'Cities Skylines: Parklife', 'Parques, Zoos', 'Crie parques e zoológicos customizados', 'DLC', 39.99, 'Ativo'),
(176, 44, '2018-10-23', 'Cities Skylines: Industries', NULL, 'Zonas industriais de cadeia produtiva', 'DLC', 39.99, 'Ativo'),
(177, 44, '2020-03-26', 'Cities Skylines: Sunset Harbor', 'Pesca, Aviação', 'Indústria pesqueira e aeroportos locais', 'DLC', 39.99, 'Ativo'),
(178, 44, '2022-01-25', 'Cities Skylines: Airports', NULL, 'Desenhe grandes aeroportos internacionais', 'DLC', 39.99, 'Ativo'),
(179, 44, '2022-11-15', 'Cities Skylines: Plazas and Promenades', 'Zonas Pedestres', 'Calçadões livres de tráfego de carros', 'DLC', 39.99, 'Ativo'),
(180, 46, '2016-08-04', 'Stellaris: Plantoids', NULL, 'Retratos e naves baseadas em plantas', 'DLC', 16.99, 'Ativo'),
(181, 46, '2016-10-20', 'Stellaris: Leviathans', 'Monstros Espaciais', 'Grandes guardiões do universo cósmico', 'DLC', 21.99, 'Ativo'),
(182, 46, '2017-04-06', 'Stellaris: Utopia', NULL, 'Esferas de Dyson e megaestruturas', 'DLC', 43.99, 'Ativo'),
(183, 46, '2017-09-21', 'Stellaris: Synthetic Dawn', 'Robôs, Império', 'Jogue com consciência de IA sintética', 'DLC', 21.99, 'Ativo'),
(184, 46, '2018-02-22', 'Stellaris: Apocalypse', NULL, 'Destruidores de planetas do tamanho do mundo', 'DLC', 43.99, 'Ativo'),
(185, 46, '2018-12-06', 'Stellaris: MegaCorp', 'Corporações', 'Comande uma megacorporação espacial', 'DLC', 43.99, 'Ativo'),
(186, 46, '2019-06-04', 'Stellaris: Ancient Relics', NULL, 'Arqueologia e artefatos esquecidos', 'DLC', 21.99, 'Ativo'),
(187, 46, '2020-03-17', 'Stellaris: Federations', 'Diplomacia', 'Comande a comunidade galáctica em união', 'DLC', 43.99, 'Ativo'),
(188, 46, '2021-04-15', 'Stellaris: Nemesis', NULL, 'Torne-se a crise da galáxia inteira', 'DLC', 43.99, 'Ativo'),
(189, 46, '2022-05-12', 'Stellaris: Overlord', 'Vassalos', 'Controle o destino dos seus subordinados', 'DLC', 43.99, 'Ativo'),
(190, 46, '2023-03-14', 'Stellaris: First Contact', NULL, 'Histórias antes do salto de hiperpropulsão', 'DLC', 32.99, 'Ativo'),
(191, 46, '2023-11-16', 'Stellaris: Astral Planes', 'Dimensões', 'Rendas no espaço-tempo e dimensões', 'DLC', 43.99, 'Ativo'),
(192, 49, '2013-12-05', 'EU4: Conquest of Paradise', NULL, 'Descubra e colonize o Novo Mundo', 'DLC', 32.99, 'Ativo'),
(193, 49, '2014-05-29', 'EU4: Wealth of Nations', 'Comércio', 'Crie companhias majestosas de comércio', 'DLC', 21.99, 'Ativo'),
(194, 49, '2014-10-30', 'EU4: Art of War', NULL, 'A Guerra dos Trinta Anos detalhada', 'DLC', 43.99, 'Ativo'),
(195, 49, '2015-02-26', 'EU4: El Dorado', 'Ouro, Nativos', 'Busque as sete cidades de ouro puro', 'DLC', 32.99, 'Ativo'),
(196, 49, '2015-06-09', 'EU4: Common Sense', NULL, 'Desenvolvimento interno de províncias', 'DLC', 31.99, 'Ativo'),
(197, 49, '2015-12-01', 'EU4: The Cossacks', 'Hordas', 'Mecânicas avançadas para as hordas nômades', 'DLC', 43.99, 'Ativo'),
(198, 49, '2016-04-05', 'EU4: Mare Nostrum', NULL, 'Mecânicas navais e mercenários do mar', 'DLC', 32.99, 'Ativo'),
(199, 49, '2016-10-11', 'EU4: Rights of Man', 'Líderes', 'Personalidades e traços para governantes', 'DLC', 43.99, 'Ativo'),
(200, 49, '2017-04-06', 'EU4: Mandate of Heaven', NULL, 'Controle o império do sol na China', 'DLC', 43.99, 'Ativo'),
(201, 49, '2017-11-16', 'EU4: Cradle of Civilization', 'Mundo Islâmico', 'Desenvolva as rotas do Oriente Médio', 'DLC', 43.99, 'Ativo'),
(202, 49, '2018-03-20', 'EU4: Rule Britannia', NULL, 'Missões especiais para a Grã-Bretanha', 'DLC', 21.99, 'Ativo'),
(203, 49, '2018-09-06', 'EU4: Dharma', 'Índia', 'Reformas governamentais no subcontinente', 'DLC', 43.99, 'Ativo'),
(204, 49, '2018-12-11', 'EU4: Golden Century', NULL, 'Mecânicas de frotas e piratas ibéricos', 'DLC', 21.99, 'Ativo'),
(205, 49, '2020-06-09', 'EU4: Emperor', 'Sacro Império', 'Foque no Papa e no Sacro Império Romano', 'DLC', 43.99, 'Ativo'),
(206, 49, '2021-04-27', 'EU4: Leviathan', NULL, 'Centralize o poder da sua capital', 'DLC', 43.99, 'Ativo'),
(207, 49, '2022-09-13', 'EU4: Lions of the North', 'Países Bálticos', 'Árvores de missões para a Escandinávia', 'DLC', 32.99, 'Ativo'),
(208, 49, '2023-04-18', 'EU4: Domination', NULL, 'Atualização de missões para superpotências', 'DLC', 43.99, 'Ativo'),
(209, 49, '2024-05-08', 'EU4: Winds of Change', 'América, Europa', 'Revoluções e árvores de missões globais', 'DLC', 43.99, 'Ativo'),
(210, 50, '2016-12-15', 'HOI4: Together for Victory', NULL, 'Mecânicas de autonomia para colônias', 'DLC', 32.99, 'Ativo'),
(211, 50, '2017-06-14', 'HOI4: Death or Dishonor', 'Países Menores', 'Foco em países do Leste Europeu', 'DLC', 21.99, 'Ativo'),
(212, 50, '2018-03-08', 'HOI4: Waking the Tiger', NULL, 'A Guerra Civil Chinesa e o front asiático', 'DLC', 43.99, 'Ativo'),
(213, 50, '2019-02-28', 'HOI4: Man the Guns', 'Naval', 'Customização completa de navios de guerra', 'DLC', 43.99, 'Ativo'),
(214, 50, '2020-06-04', 'HOI4: La Résistance', NULL, 'Espionagem, agentes secretos e criptografia', 'DLC', 43.99, 'Ativo'),
(215, 50, '2020-10-15', 'HOI4: Battle for the Bosporus', 'Grécia, Turquia', 'Foco nacional para os reinos balcânicos', 'DLC', 21.99, 'Ativo'),
(216, 50, '2021-11-23', 'HOI4: No Step Back', NULL, 'Mecânicas da União Soviética e trens', 'DLC', 43.99, 'Ativo'),
(217, 50, '2022-10-11', 'HOI4: By Blood Alone', 'Itália, Aviões', 'Designer de aviões de combate e Itália', 'DLC', 43.99, 'Ativo'),
(218, 50, '2023-10-10', 'HOI4: Arms Against Tyranny', NULL, 'Foco nos nórdicos e mercado de armas', 'DLC', 43.99, 'Ativo'),
(219, 50, '2024-03-07', 'HOI4: Trial of Allegiance', 'América do Sul', 'Foco para Brasil, Argentina e Chile', 'DLC', 32.99, 'Ativo'),
(220, 52, '2019-06-18', 'MK11: Kombat Pack 1', NULL, 'Shang Tsung, Nightwolf, Sindel, Coringa', 'DLC', 79.99, 'Ativo'),
(221, 52, '2020-05-26', 'MK11: Aftermath', 'História, Roupas', 'Expansão da história focada em Shang Tsung', 'DLC', 129.99, 'Ativo'),
(222, 52, '2020-11-17', 'MK11: Kombat Pack 2', NULL, 'Mileena, Rain e Rambo entram no torneio', 'DLC', 59.99, 'Ativo'),
(223, 80, '2022-06-30', 'Cuphead: The Delicious Last Course', 'Chefes, Personagem', 'A jornada com a Sra. Cálice', 'DLC', 29.99, 'Ativo'),
(224, 81, '2015-10-13', 'Terraria: Official Soundtrack', NULL, 'Álbum completo com as faixas orquestradas', 'DLC', 10.00, 'Ativo'),
(225, 84, '2015-12-10', 'Dont Starve: Shipwrecked', 'Mar, Ilhas', 'Sobreviva navegando em ilhas tropicais', 'DLC', 11.00, 'Ativo'),
(226, 84, '2018-11-08', 'Dont Starve: Hamlet', NULL, 'Descubra a cidade perdida de homens-porco', 'DLC', 15.00, 'Ativo'),
(227, 85, '2019-11-07', 'DST: Return of Them', 'Lua, Atualização', 'Invasão das criaturas lunares', 'DLC', 0.00, 'Ativo'),
(228, 89, '2021-05-14', 'Subnautica OST', NULL, 'Trilha sonora oficial subaquática', 'DLC', 10.00, 'Ativo'),
(229, 91, '2015-05-11', 'Goat Simulator: GoatZ', 'Zumbis, Sobrevivência', 'Apocalipse zumbi na visão de uma cabra', 'DLC', 10.49, 'Ativo'),
(230, 91, '2015-11-17', 'Goat Simulator: Payday', NULL, 'Faça assaltos com um flamingo e camelos', 'DLC', 12.49, 'Ativo'),
(231, 91, '2016-05-26', 'Goat Simulator: Waste of Space', 'Espaço, Ficção', 'Domine o espaço sideral colonizando planetas', 'DLC', 12.49, 'Ativo'),
(232, 95, '2019-10-22', 'Deep Rock Galactic: Supporter Pack', NULL, 'Armas e armaduras douradas estéticas', 'DLC', 39.99, 'Ativo'),
(233, 95, '2020-10-22', 'Deep Rock: Roughneck Pack', 'Roupas, Trabalho', 'Roupas de trabalhador pesado de mina', 'DLC', 23.99, 'Ativo'),
(234, 95, '2021-11-04', 'Deep Rock: Rival Tech Pack', NULL, 'Estética de armas baseada em facção rival', 'DLC', 23.99, 'Ativo'),
(235, 96, '2020-06-25', 'Control: The Foundation', 'Massa, Expansão', 'Explore a fundação do Prédio Mais Antigo', 'DLC', 49.90, 'Ativo'),
(236, 96, '2020-08-27', 'Control: AWE', NULL, 'Crossover oficial com o universo de Alan Wake', 'DLC', 49.90, 'Ativo'),
(237, 102, '2022-01-20', 'Hitman 3: Seven Deadly Sins', 'Pecados, Desafios', '7 contratos baseados nos pecados capitais', 'DLC', 99.00, 'Ativo'),
(238, 111, '2015-03-24', 'Pen and Paper: Haunted Fall', NULL, 'Expansão de Halloween em pântanos escuros', 'DLC', 10.00, 'Ativo'),
(239, 115, '2016-02-09', 'Dying Light: The Following', 'Carros, Buggy, Campo', 'Dirija buggies atropelando zumbis no campo', 'DLC', 59.99, 'Ativo'),
(240, 115, '2020-07-23', 'Dying Light: Hellraid', NULL, 'Masmorra mística no estilo fliperama antigo', 'DLC', 29.99, 'Ativo'),
(241, 121, '2012-10-16', 'Borderlands 2: Captain Scarlett', 'Piratas, Deserto', 'Busque o tesouro na areia do deserto', 'DLC', 21.99, 'Ativo'),
(242, 121, '2012-11-20', 'Borderlands 2: Mr. Torgue', NULL, 'Arena violenta de explosões e combates', 'DLC', 21.99, 'Ativo'),
(243, 121, '2013-01-15', 'Borderlands 2: Sir Hammerlock', 'Caça, Safári', 'Cace monstros exóticos no pântano', 'DLC', 21.99, 'Ativo'),
(244, 121, '2013-06-25', 'Borderlands 2: Tiny Tina Dragon Keep', NULL, 'A obra-prima baseada em sessões de RPG de mesa', 'DLC', 21.99, 'Ativo'),
(245, 121, '2019-06-09', 'Borderlands 2: Commander Lilith', 'História, Ponte', 'Ponte de história ligando o BL2 ao BL3', 'DLC', 39.99, 'Ativo'),
(246, 122, '2019-12-19', 'Borderlands 3: Heist of Handsome Jack', NULL, 'Assalte o cassino espacial do Handsome Jack', 'DLC', 39.99, 'Ativo'),
(247, 122, '2020-03-26', 'Borderlands 3: Guns, Love and Tentacles', 'Monstros, Casamento', 'Casamento em planeta tomado por monstros', 'DLC', 39.99, 'Ativo'),
(248, 122, '2020-06-25', 'Borderlands 3: Bounty of Blood', NULL, 'Estética de faroeste japonês com dinossauros', 'DLC', 39.99, 'Ativo'),
(249, 122, '2020-09-10', 'Borderlands 3: Psycho Frieght', 'Mente, Loucura', 'Entre na mente caótica do Krieg', 'DLC', 39.99, 'Ativo'),
(250, 122, '2020-11-10', 'Borderlands 3: Designer Cut', NULL, 'Nova árvore de habilidades e modo de extração', 'DLC', 39.99, 'Ativo'),
(251, 122, '2021-04-08', 'Borderlands 3: Director Cut', 'Chefes, Missões', 'Mistérios de assassinatos e chefes mundiais', 'DLC', 39.99, 'Ativo'),
(252, 124, '2010-12-21', 'Fallout NV: Dead Money', NULL, 'Assalto tenso no cassino Sierra Madre', 'DLC', 19.99, 'Ativo'),
(253, 124, '2011-05-17', 'Fallout NV: Honest Hearts', 'Tribos, Cânion', 'Explore o parque nacional de Zion e suas tribos', 'DLC', 19.99, 'Ativo'),
(254, 124, '2011-07-19', 'Fallout NV: Old World Blues', NULL, 'Ficção científica retrô bizarra em laboratórios', 'DLC', 19.99, 'Ativo'),
(255, 124, '2011-09-20', 'Fallout NV: Lonesome Road', 'Caminho Final, Estrada', 'Encontre o outro estafeta na linha de racha', 'DLC', 19.99, 'Ativo'),
(256, 124, '2011-09-27', 'Fallout NV: Gun Runners', NULL, 'Arsenal de armas exclusivas de alta tecnologia', 'DLC', 9.99, 'Ativo'),
(257, 124, '2011-09-27', 'Fallout NV: Courier Stash', 'Pacote Inicial', 'Todos os pacotes de bônus de pré-venda', 'DLC', 4.99, 'Ativo'),
(258, 126, '2015-12-10', 'Pillars of Eternity: White March I', NULL, 'Mecânica e história na montanha de neve', 'DLC', 39.99, 'Ativo'),
(259, 126, '2016-02-16', 'Pillars of Eternity: White March II', 'Encerramento', 'Conclusão das masmorras da Marcha Branca', 'DLC', 39.99, 'Ativo'),
(260, 130, '2017-04-18', 'Darkest Dungeon: Crimson Court', NULL, 'Infestação de vampiros mosquitos na corte', 'DLC', 29.99, 'Ativo');

--------------------------------------------------------------------------------------------------
-- 4. JOGO (130 registros -> herdam id_produto de 1 a 130)
--------------------------------------------------------------------------------------------------
INSERT INTO Jogo (id_produto, classificacao_indicativa, engine, has_multiplayer, requisitos_sistema) VALUES
(1, 16, 'Source 2', true, 'Intel Core i5, 8GB RAM, GTX 1060'),
(2, 12, 'Source 2', true, NULL),
(3, 12, 'Unreal Engine 5', true, 'Intel i3, 8GB RAM, GTX 960'),
(4, 18, 'RAGE', true, 'Intel i5, 8GB RAM, GTX 660 2GB'),
(5, 18, 'RAGE', true, NULL),
(6, 16, 'REDengine 3', false, 'Intel i7-3770, 8GB RAM, GTX 770'),
(7, 18, 'REDengine 4', false, NULL),
(8, 16, 'PhyreEngine', true, 'Intel i7-8700K, 16GB RAM, GTX 1070'),
(9, 16, 'PhyreEngine', true, NULL),
(10, 16, 'PhyreEngine', false, 'Intel i5-2500K, 4GB RAM, GTX 760'),
(11, 16, 'RE Engine', false, 'Intel i5-4460, 8GB RAM, GTX 760'),
(12, 18, 'RE Engine', false, NULL),
(13, 18, 'RE Engine', false, 'Intel i7-8700, 16GB RAM, GTX 1070'),
(14, 12, 'MT Framework', true, NULL),
(15, 14, 'Unreal Engine 5', true, 'AMD Ryzen 5, 16GB RAM, RTX 2070'),
(16, 14, 'Unreal Engine 4', true, NULL),
(17, 16, 'AnvilNext 2.0', true, 'Intel i5-2500K, 8GB RAM, GTX 670'),
(18, 18, 'AnvilNext 2.0', true, NULL),
(19, 16, 'Snowdrop', true, 'Intel i7-4790, 8GB RAM, GTX 970'),
(20, 18, 'AnvilNext 2.0', true, NULL),
(21, 12, 'Custom Engine', true, 'Intel Core 2 Duo, 4GB RAM, Intel HD 4000'),
(22, 0, 'Frostbite 3', true, NULL),
(23, 0, 'Frostbite 3', true, 'Intel i5-6600K, 8GB RAM, GTX 1050 Ti'),
(24, 14, 'Unreal Engine 4', false, NULL),
(25, 14, 'Unreal Engine 5', false, 'AMD Ryzen 5 5600X, 16GB RAM, RTX 3060'),
(26, 16, 'Foundation', false, NULL),
(27, 14, 'Foundation', false, 'Intel i3-2100, 6GB RAM, GTX 650'),
(28, 16, 'Modified Crystal', false, NULL),
(29, 16, 'Toylogic', false, 'AMD Ryzen 3, 8GB RAM, GTX 760'),
(30, 16, 'PlatinumEngine', false, NULL),
(31, 14, 'Creation Engine', false, 'Intel i5-750, 4GB RAM, GTX 260'),
(32, 18, 'Creation Engine', false, NULL),
(33, 18, 'Creation Engine', true, 'Intel i5-6600k, 8GB RAM, GTX 960'),
(34, 12, 'Creation Engine 2', false, NULL),
(35, 18, 'id Tech 6', false, 'Intel i7-3770, 8GB RAM, GTX 970'),
(36, 18, 'id Tech 7', true, NULL),
(37, 12, 'Essence Engine 4', true, 'Intel i5-6400, 8GB RAM, GTX 970'),
(38, 12, 'Genie Engine', true, NULL),
(39, 0, 'RenderWare', false, 'Intel i5-4460, 8GB RAM, GTX 770'),
(40, 18, 'Unreal Engine 4', true, NULL),
(41, 14, 'Slipspace Engine', true, 'AMD Ryzen 5 1600, 8GB RAM, GTX 1050 Ti'),
(42, 10, 'Unreal Engine 4', true, NULL),
(43, 10, 'Java Engine', true, 'Intel Core i3, 4GB RAM, Intel HD 4000'),
(44, 0, 'Unity', false, NULL),
(45, 0, 'Unity', false, 'Intel i7-6700K, 16GB RAM, RTX 2080 Super'),
(46, 10, 'Clausewitz Engine', true, NULL),
(47, 12, 'Clausewitz Engine', true, 'Intel i3-2100, 4GB RAM, GTX 460'),
(48, 12, 'Clausewitz Engine', true, NULL),
(49, 12, 'Clausewitz Engine', true, 'Intel i3-3220, 4GB RAM, GTX 560'),
(50, 10, 'Clausewitz Engine', true, NULL),
(51, 18, 'Unreal Engine 4', true, 'Intel i5-5500, 8GB RAM, GTX 1060'),
(52, 18, 'Unreal Engine 4', true, NULL),
(53, 18, 'Unreal Engine 3', true, 'Intel i5-750, 6GB RAM, GTX 460'),
(54, 12, 'Unreal Engine 3', true, NULL),
(55, 14, 'Unreal Engine 3', true, 'Intel i5-2300, 8GB RAM, GTX 560'),
(56, 16, 'Unreal Engine 4', true, NULL),
(57, 16, 'Unreal Engine 3', false, 'Intel i7-3770, 8GB RAM, GTX 760 3GB'),
(58, 16, 'Unreal Engine 3', false, NULL),
(59, 16, 'Unreal Engine 3', false, 'Intel i3-530, 4GB RAM, 9800 GTX'),
(60, 16, 'Unreal Engine 3', false, NULL),
(61, 10, 'Custom', true, 'Intel i5-2400, 4GB RAM, GTX 560'),
(62, 10, 'Custom', false, NULL),
(63, 10, 'Custom', true, 'Intel i3-3240, 4GB RAM, GTX 460'),
(64, 10, 'Custom', false, NULL),
(65, 10, 'Custom', false, 'Intel i5-2500, 4GB RAM, GTX 460'),
(66, 10, 'Custom', true, NULL),
(67, 10, 'Custom', false, 'Intel P4, 1GB RAM, GeForce 7800'),
(68, 10, 'Custom', true, NULL),
(69, 10, 'Custom', false, 'Intel Core 2 Duo, 2GB RAM, GeForce 8800'),
(70, 10, 'Custom', false, NULL),
(71, 10, 'Custom', false, 'Intel i5-2400, 4GB RAM, GTX 460'),
(72, 10, 'Custom', true, NULL),
(73, 18, 'Custom RPG Engine', false, 'Intel i5-4690, 8GB RAM, GTX 970'),
(74, 16, 'Custom Isomet', false, NULL),
(75, 12, 'Unity', false, 'Intel Core 2 Duo, 4GB RAM, GeForce 8800'),
(76, 14, 'Custom Script Engine', false, NULL),
(77, 12, 'Custom Engine', false, 'Intel i3, 4GB RAM, Intel HD 3000'),
(78, 10, 'Custom Engine', false, NULL),
(79, 12, 'Custom Engine', true, 'Intel Core 2 Duo, 4GB RAM, Intel HD 4000'),
(80, 10, 'Custom Engine', false, NULL),
(81, 10, 'Custom XNA', true, 'Intel Dual Core, 2GB RAM, 128MB Video'),
(82, 0, 'Unity', true, NULL),
(83, 0, 'Unity', true, 'Intel Core 2 Duo, 2GB RAM, Intel HD 3000'),
(84, 10, 'Custom Engine', false, NULL),
(85, 10, 'Custom Engine', true, 'Intel i3, 4GB RAM, Radeon HD 5450'),
(86, 14, 'Custom Engine', false, NULL),
(87, 16, 'Custom Engine', false, 'Intel Dual Core, 2GB RAM, 256MB Video'),
(88, 10, 'Custom Engine', false, NULL),
(89, 10, 'Unity', false, 'Intel i3, 4GB RAM, GTX 550 Ti'),
(90, 10, 'Unity', false, NULL),
(91, 10, 'PhysX Engine', true, 'Intel Dual Core, 2GB RAM, 512MB Video'),
(92, 12, 'Unreal Engine 5', true, NULL),
(93, 10, 'Unity', false, 'Intel i5-2400, 8GB RAM, GTX 660'),
(94, 12, 'Unity', true, NULL),
(95, 10, 'FSD Engine', true, 'Intel i3, 6GB RAM, GTX 460'),
(96, 16, 'Northlight', false, NULL),
(97, 16, 'Northlight', false, 'Intel Dual Core, 2GB RAM, 512MB Video'),
(98, 18, 'Northlight', false, NULL),
(99, 16, 'Northlight', false, 'Intel i5-4460, 8GB RAM, GTX 760'),
(100, 18, 'Glacier', false, NULL),
(101, 18, 'Glacier', false, 'Intel i5-2500K, 8GB RAM, GTX 660'),
(102, 18, 'Glacier', false, NULL),
(103, 18, 'Custom Video Engine', false, 'Intel i5-2400, 4GB RAM, GTX 660'),
(104, 16, 'Custom Video Engine', false, NULL),
(105, 18, 'Custom Video Engine', false, 'Intel Core 2 Duo, 2GB RAM, 512MB Video'),
(106, 14, 'Custom 2D', false, NULL),
(107, 14, 'Custom 2D', false, 'Intel Core 2 Duo, 4GB RAM, GeForce 8800'),
(108, 0, 'Custom 2D', false, NULL),
(109, 0, 'Custom 2D', false, 'Intel Dual Core, 1GB RAM, 128MB Video'),
(110, 0, 'Custom 2D', false, NULL),
(111, 10, 'Unity', false, 'Intel Dual Core, 2GB RAM, 256MB Video'),
(112, 10, 'Unity', false, NULL),
(113, 12, 'Unity', false, 'Intel i3, 4GB RAM, Intel HD 4000'),
(114, 10, 'Unity', false, NULL),
(115, 18, 'Chrome Engine 6', true, 'Intel i5-2500K, 4GB RAM, GTX 560'),
(116, 18, 'Chrome Engine 7', true, NULL),
(117, 16, 'CryEngine', false, 'Intel Dual Core, 2GB RAM, GeForce 6800'),
(118, 16, 'CryEngine 2', true, NULL),
(119, 16, 'CryEngine 3', true, 'Intel Dual Core, 4GB RAM, GTS 450'),
(120, 18, 'CryEngine 5', true, NULL),
(121, 14, 'Unreal Engine 3', true, 'Intel Core 2 Duo, 2GB RAM, GeForce 8600'),
(122, 14, 'Unreal Engine 4', true, NULL),
(123, 14, 'Unreal Engine 3', true, 'Intel Dual Core, 2GB RAM, GeForce 8600'),
(124, 18, 'Gamebryo', false, NULL),
(125, 16, 'Unreal Engine 4', false, 'Intel i3-3225, 8GB RAM, GTX 650 Ti'),
(126, 12, 'Unity', false, NULL),
(127, 12, 'Unity', false, 'Intel i3-2100, 4GB RAM, GTX 560'),
(128, 12, 'Unity', false, NULL),
(129, 12, 'Unreal Engine 4', true, 'Intel i3-3225, 4GB RAM, GTX 650'),
(130, 16, 'Unity', false, 'Intel Dual Core, 2GB RAM, 512MB Video');

--------------------------------------------------------------------------------------------------
-- 5. DLC (130 registros -> herdam id_produto de 131 a 260)
--------------------------------------------------------------------------------------------------
INSERT INTO Dlc (id_produto, tipo_conteudo, id_jogo_pai) VALUES
(131, 'Cosméticos de Passe de Batalha', 5),
(132, NULL, 6),
(133, 'Expansão de História com Novo Mapa', 6),
(134, NULL, 7),
(135, 'Expansão de História de Alta Dificuldade', 8),
(136, NULL, 9),
(137, 'Expansão de Fim de Jogo com Chefes', 9),
(138, NULL, 11),
(139, 'Campanha Adicional e Modo 3ª Pessoa', 12),
(140, NULL, 13),
(141, 'Expansão de Área de Gelo Giga', 14),
(142, NULL, 21),
(143, 'Pacote de Expansão de Clubes Sociais', 21),
(144, NULL, 21),
(145, 'Pacote de Expansão de Animais de Estimação', 21),
(146, NULL, 21),
(147, 'Pacote de Expansão Sistema de Fama', 21),
(148, NULL, 21),
(149, 'Pacote de Expansão Vida Acadêmica', 21),
(150, NULL, 21),
(151, 'Pacote de Expansão de Cultura e Neve', 21),
(152, NULL, 21),
(153, 'Pacote de Expansão Escolar Juvenil', 21),
(154, NULL, 21),
(155, 'Pacote de Expansão de Aluguéis Prédios', 21),
(156, NULL, 31),
(157, 'Expansão de Construção de Propriedades', 31),
(158, NULL, 31),
(159, 'Expansão de Criação de Robôs Aliados', 32),
(160, NULL, 32),
(161, 'Expansão de Nova Ilha com Mistério', 32),
(162, NULL, 32),
(163, 'Expansão de Criação de Abrigos Subterrâneos', 32),
(164, NULL, 32),
(165, 'Expansão de Facções do Deserto Leste', 38),
(166, NULL, 38),
(167, 'Expansão de Ducados Orientais Históricos', 38),
(168, NULL, 38),
(169, 'Expansão de Missões da Realeza Montanhosa', 38),
(170, NULL, 44),
(171, 'Expansão Mecânica de Neve e Aquecimento', 44),
(172, NULL, 44),
(173, 'Expansão Sistema de Transportes de Massa', 44),
(174, NULL, 44),
(175, 'Expansão Parques de Diversão e Lazer', 44),
(176, NULL, 44),
(177, 'Expansão Setor Portuário e de Pesca', 44),
(178, NULL, 44),
(179, 'Expansão de Calçadões Urbanos de Pedestre', 44),
(180, NULL, 46),
(181, 'Expansão Guardiões Gigantes do Espaço', 46),
(182, NULL, 46),
(183, 'Expansão Impérios de Inteligência Artificial', 46),
(184, NULL, 46),
(185, 'Expansão Megacorporações de Mercado Espacial', 46),
(186, NULL, 46),
(187, 'Expansão Mecânica de Alianças Federativas', 46),
(188, NULL, 46),
(189, 'Expansão Mecânica de Domínio de Vassalos', 46),
(190, NULL, 46),
(191, 'Expansão de Viagens em Planos Astrais', 46),
(192, NULL, 49),
(193, 'Expansão Marítima de Riqueza Mercante', 49),
(194, NULL, 49),
(195, 'Expansão Busca das Cidades de Ouro', 49),
(196, NULL, 49),
(197, 'Expansão Hordas de Nômades Guerreiros', 49),
(198, NULL, 49),
(199, 'Expansão Traços e Regalias de Monarcas', 49),
(200, NULL, 49),
(201, 'Expansão Dinastias Islâmicas do Oriente', 49),
(202, NULL, 49),
(203, 'Expansão Subcontinente Indiano Missões', 49),
(204, NULL, 49),
(205, 'Expansão Política da Igreja e Imperadores', 49),
(206, NULL, 49),
(207, 'Expansão Unificação Nórdica e Báltica', 49),
(208, NULL, 49),
(209, 'Expansão Ventos da Mudança Revolucionária', 49),
(210, NULL, 50),
(211, 'Expansão Focos para Nações Menores Balcãs', 50),
(212, NULL, 50),
(213, 'Expansão Customização de Frotas Navais', 50),
(214, NULL, 50),
(215, 'Expansão Focos para Nações do Bósforo', 50),
(216, NULL, 50),
(217, 'Expansão Aviões de Guerra e Itália', 50),
(218, NULL, 50),
(219, 'Expansão Mercado e Focos da América do Sul', 50),
(220, NULL, 52),
(221, 'Expansão de História Continuação Direta', 52),
(222, NULL, 52),
(223, 'Expansão de Chefes e Nova Personagem', 80),
(224, NULL, 81),
(225, 'Expansão de Sobrevivência em Ilhas de Mar', 84),
(226, NULL, 84),
(227, 'Atualização de Expansão Lunar Cooperativa', 85),
(228, NULL, 89),
(229, 'Expansão Cabra Zumbi Infestação Mundial', 91),
(230, NULL, 91),
(231, 'Expansão Cabra Espacial e Colonização', 91),
(232, NULL, 95),
(233, 'Pacote de Roupas Rústicas de Mineração', 95),
(234, NULL, 95),
(235, 'Expansão Mistérios da Fundação Antiga', 96),
(236, NULL, 96),
(237, 'Contratos Temáticos dos Sete Pecados', 102),
(238, NULL, 111),
(239, 'Expansão História com Carros Customizados', 115),
(240, NULL, 115),
(241, 'Expansão Piratas da Areia e Tesouros', 121),
(242, NULL, 121),
(243, 'Expansão Safári de Criaturas Selvagens', 121),
(244, NULL, 121),
(245, 'Missões de História Pré-Sequência do BL3', 121),
(246, NULL, 122),
(247, 'Expansão Amor em Planeta de Monstros Cthulhu', 122),
(248, NULL, 122),
(249, 'Expansão Psicológica Dentro da Mente do Krieg', 122),
(250, NULL, 122),
(251, 'Expansão Missões de Detetive e Chefão', 122),
(252, NULL, 124),
(253, 'Expansão Cânions de Zion e Tribos Nativas', 124),
(254, NULL, 124),
(255, 'Expansão Caminho Final Estrada Solitária', 124),
(256, NULL, 124),
(257, 'Pacote Inicial Armas e Roupas Raras', 124),
(258, NULL, 126),
(259, 'Expansão História de Neve Marcha Branca II', 126),
(260, NULL, 130);

--------------------------------------------------------------------------------------------------
-- 6. CONQUISTA (130 registros -> 1 por jogo, chave composta)
--------------------------------------------------------------------------------------------------
INSERT INTO Conquista (id_jogo, id_conquista, titulo, descricao) VALUES
(1, 1, 'Primeiro de Muitos', 'Elimine seu primeiro oponente em partida competitiva oficial'),
(2, 2, 'Mestre das Runas', NULL),
(3, 3, 'Vitória Royale', 'Fique em primeiro lugar em uma partida de Battle Royale'),
(4, 4, 'Bem-vindo a Los Santos', NULL),
(5, 5, 'Para o Pôr do Sol', 'Conclua a história principal da jornada de Arthur Morgan'),
(6, 6, 'O Caminho do Lobo', NULL),
(7, 7, 'O Rei de Night City', 'Alcance todos os finais disponíveis no jogo base'),
(8, 8, 'Lorde Prateado', NULL),
(9, 9, 'O Fim do Fogo', 'Acenda a última fogueira do santuário do fogo ancestral'),
(10, 10, 'Lobo de Um Braço Só', NULL),
(11, 11, 'Sobrevivente da Delegacia', 'Fuja com sucesso da delegacia de polícia de Raccoon City'),
(12, 12, 'Matador de Lobisomem', NULL),
(13, 13, 'Resgate Presidencial', 'Conclua a missão de resgatar Ashley Graham inteira'),
(14, 14, 'Caçador de Estrelas', NULL),
(15, 15, 'Punhos de Ferro', 'Vença o campeonato King of Iron Fist Tournament online'),
(16, 16, 'Alma Calibur', NULL),
(17, 17, 'Operador de Elite', 'Vença 50 rodadas jogando como defensor tático experiente'),
(18, 18, 'Dedsec Unido', NULL),
(19, 19, 'Nível 30', 'Alcance o nível máximo de agente em Washington D.C.'),
(20, 20, 'Yara Livre', NULL),
(21, 21, 'Família Completa', 'Tenha uma linhagem estendida até a quarta geração viva'),
(22, 22, 'Goleador Supremo', NULL),
(23, 23, 'Fim do Contrato', 'Dispute uma partida de Ultimate Team até o fim do tempo'),
(24, 24, 'Ordem Jedi', NULL),
(25, 25, 'Sobrevivente Implacável', 'Desbloqueie todas as habilidades da árvore de combate do Cal'),
(26, 26, 'Infiltradora de Tumbas', NULL),
(27, 27, 'Ascensão na Sibéria', 'Encontre a cidade mítica perdida no meio da neve fria'),
(28, 28, 'Primeiro Sangue Lara', NULL),
(29, 29, 'Libertador de Almas', 'Conclua todas as missões secundárias do vilarejo inicial'),
(30, 30, 'Fim do YoRHa', NULL),
(31, 31, 'Nascido do Dragão', 'Absorva sua primeira alma de dragão selvagem no topo'),
(32, 32, 'Garimpeiro do Abrigo', NULL),
(33, 33, 'Reconstrução Total', 'Instale 100 estruturas diferentes no acampamento C.A.M.P.'),
(34, 34, 'Explorador de Constelação', NULL),
(35, 35, 'Até que Tudo Termine', 'Conclua a campanha destruindo os portões do inferno puro'),
(36, 36, 'Mestre do Slayer', NULL),
(37, 37, 'Império de Ouro', 'Vença uma partida histórica na dificuldade difícil contra IA'),
(38, 38, 'Conquistador de Roma', NULL),
(39, 39, 'Piloto Comercial', 'Realize um pouso perfeito em condições climáticas severas'),
(40, 40, 'Laços de Sangue Gears', NULL),
(41, 41, 'Herói da Galáxia', 'Conclua a campanha na dificuldade Lendária sem morrer'),
(42, 42, 'Explorador de Cubos', NULL),
(43, 43, 'Fim do Dragão do Fim', 'Derrote o Ender Dragon no modo de sobrevivência pura'),
(44, 44, 'Prefeito de Ouro', NULL),
(45, 45, 'Metrópole Gigante', 'Alcance a marca histórica de 100 mil habitantes felizes'),
(46, 46, 'Aliança Estelar', NULL),
(47, 47, 'Imperador Romano', 'Mantenha sua dinastia estável por mais de 200 anos seguidos'),
(48, 48, 'Linhagem Nobre', NULL),
(49, 49, 'Mundo Dominado', 'Controle todas as províncias do continente europeu tradicional'),
(50, 50, 'Vitória na Guerra', NULL),
(51, 51, 'Deus do Trovão', 'Conclua o modo torre clássica utilizando apenas o Raiden'),
(52, 52, 'Fatality Lendário', NULL),
(53, 53, 'Vingança de Sangue', 'Realize todos os fatalities brutais do elenco inicial'),
(54, 54, 'Deus Entre Nós', NULL),
(55, 55, 'Multiverso Salvo', 'Conclua a campanha principal derrotando o Brainiac do mal'),
(56, 56, 'Cavaleiros Protetores', NULL),
(57, 57, 'Eu sou o Batman', 'Capture o Espantalho salvando Gotham na noite sombria'),
(58, 58, 'Asilo Concluído', NULL),
(59, 59, 'Sanidade Encontrada', 'Encontre todas as charadas do Charada escondidas no asilo'),
(60, 60, 'Origens do Morcego', NULL),
(61, 61, 'Blocos Unidos 2', 'Colete todos os tijolos dourados espalhados pelo mapa Lego'),
(62, 62, 'Herói de Blocos', NULL),
(63, 63, 'Vingadores Reunidos', 'Desbloqueie todos os personagens do elenco dos Vingadores'),
(64, 64, 'DNA de Dinossauro', NULL),
(65, 65, 'Justiça de Plástico', 'Impeça a invasão do Brainiac no planeta dos blocos Lego'),
(66, 66, 'Gotham em Blocos', NULL),
(67, 67, 'Fuga do Asilo Lego', ' capture todos os vilões fugitivos das celas de segurança'),
(68, 68, 'Dia do Vilão', NULL),
(69, 69, 'Mestre de Hogwarts 2', 'Conclua os anos finais da escola de magia com nota máxima'),
(70, 70, 'Primeiro Feitiço', NULL),
(71, 71, 'Que a Força Lego', 'Conclua o Despertar da Força com 100% dos minikits achados'),
(72, 72, 'Saga Completa Skywalker', NULL),
(73, 73, 'Herói de Baldurs Gate', 'Salve a cidade do perigo do Absoluto no ato final de turnos'),
(74, 74, 'Divindade Desperta', NULL),
(75, 75, 'Coração de Hallownest', 'Conclua o jogo com 112% de progresso na masmorra indie'),
(76, 76, 'Fuga do Submundo', NULL),
(77, 77, 'Voz Recuperada', 'Entregue o núcleo da espada Transistor ao seu destino final'),
(78, 78, 'Mundo Reconstruído', NULL),
(79, 79, 'Chama da Liberdade', 'Conclua os ritos místicos libertando todos os exilados'),
(80, 80, 'Alma Vendida', NULL),
(81, 81, 'Mestre Supremo Terraria', 'Derrote o Senhor da Lua invocado no final do modo difícil'),
(82, 82, 'Tripulante Fiel', NULL),
(83, 83, 'Campeão da Arena', 'Alcance o ranque de Grande Campeão em partidas online competitivas'),
(84, 84, 'Sobrevivente do Outono', NULL),
(85, 85, 'Juntos na Fogueira', 'Sobreviva por mais de 100 dias consecutivos com amigos online'),
(86, 86, 'Agência Fantasma', NULL),
(87, 87, 'Sombra Invisível', 'Conclua todas as missões sem ser detectado uma única vez'),
(88, 88, 'Oxigênio Estável', NULL),
(89, 89, 'Profundezas Exploradas', 'Construa o submarino Cyclops e desça até a lava profunda'),
(90, 90, 'Zero Absoluto', NULL),
(91, 91, 'Cabra Destruidora', 'Alcance 5 milhões de pontos causando caos total na cidade'),
(92, 92, 'Caos Coletivo', NULL),
(93, 93, 'Automação Perfeita', 'Otimize a fábrica para produzir 100 turbinas por minuto'),
(94, 94, 'Viking de Elite', NULL),
(95, 95, 'Pelo Rock e Pedra!', 'Conclua 100 missões de mineração espacial profunda com anões'),
(96, 96, 'Diretora Executiva', NULL),
(97, 97, 'Escritor da Luz', 'Recolha todas as páginas do manuscrito perdidas na floresta'),
(98, 98, 'Fim do Pesadelo Aw', NULL),
(99, 99, 'Tempo Controlado', 'Conserte a racha temporal salvando o universo do colapso total'),
(100, 100, 'Assassino Silencioso', NULL),
(101, 101, 'Mestre dos Disfarces', 'Conclua todos os assassinatos usando roupas de funcionários'),
(102, 102, 'Fim do Alvo 47', NULL),
(103, 103, 'Humano ou Máquina', 'Faça com que todos os três protagonistas robôs sobrevivam no fim'),
(104, 104, 'Entidade Amiga', NULL),
(105, 105, 'Assassino do Origami', 'Descubra a identidade real do assassino salvando o garoto'),
(106, 106, 'Luz no Fim do Túnel', NULL),
(107, 107, 'Fuga do Complexo', 'Descubra o segredo final da esfera de controle humano no fim'),
(108, 108, 'Robô Consertado', NULL),
(109, 109, 'Salvação da Semente', 'Leve a última semente da árvore de volta ao solo sagrado'),
(110, 110, 'Astronauta Místico', NULL),
(111, 111, 'Mestre da Mesa Pixel', 'Derrote o mestre da masmorra final jogando dados virtuais'),
(112, 112, 'Crítico de Dados', NULL),
(113, 113, 'Estúdio de Sucesso', 'Grave a temporada final com audiência máxima mundial de dublês'),
(114, 114, 'Galáxia Salva Pixel', NULL),
(115, 115, 'Corredor do Telhado', 'Alcance o nível máximo de agilidade correndo por telhados de zumbi'),
(116, 116, 'Cidade Salva Zumbi', NULL),
(117, 117, 'Gráficos no Máximo', 'Conclua o primeiro jogo derrubando a nave alienígena no mar'),
(118, 118, 'Nova York Salva', NULL),
(119, 119, 'Fim da C.E.L.L.', 'Destrua o Alpha Ceph salvando o planeta do colapso completo'),
(120, 120, 'Cazador do Pântano', NULL),
(121, 121, 'Matador de Vaults', 'Derrote o Guerreiro invocado por Handsome Jack no cofre'),
(122, 122, 'Cofre Aberto 3', NULL),
(123, 123, 'Herói da Lua', 'Ajude Jack a conquistar a estação espacial da corporação Hyperion'),
(124, 124, 'Ouro de Vegas', NULL),
(125, 125, 'Estrela Corporativa', 'Decida o destino da colônia espacial de Halcyon no final'),
(126, 126, 'Eternidade Isométrica', NULL),
(127, 127, 'Capitão dos Mares', 'Conclua a história navegando e derrotando a estátua de deus viva'),
(128, 128, 'Manuscrito Decifrado', NULL),
(129, 129, 'Gigante no Jardim', 'Derrote a aranha lobo gigante que vive embaixo do deck de madeira'),
(130, 130, 'Coração Firme', 'Sobreviva à masmorra mais escura sem que nenhum herói enlouqueça'),
(1, 131, 'Mestre do Headshot', 'Consiga 50 headshots em partidas competitivas'),
(1, 132, 'Desarmador Experiente', 'Desarme a bomba 10 vezes no último segundo'),
(4, 133, 'Rei de Los Santos', 'Compre o apartamento mais caro do jogo'),
(4, 134, 'Fuga Implacável', 'Fuja de uma perseguição de 5 estrelas'),
(6, 135, 'Colecionador de Gwent', 'Consiga todas as cartas do jogo base'),
(6, 136, 'Matador de Grifos', 'Derrote o Grifo Real sem tomar dano'),
(7, 137, 'Lenda Cibernética', 'Instale cyberwares lendários em todos os espaços do corpo'),
(7, 138, 'Mestre Hacker', 'Conclua 20 missões usando apenas furtividade e hacks'),
(8, 139, 'Lorde Elden', 'Alcance o final verdadeiro e torne-se o Lorde Elden'),
(8, 140, 'Lâmina de Miquella', 'Derrote Malenia, a Deusa da Podridão'),
(31, 141, 'Colecionador de Gritos', 'Aprenda todas as palavras de poder dos dragões'),
(31, 142, 'Herói de Tamriel', 'Conclua a campanha principal derrotando Alduin'),
(43, 143, 'Diamantes para você!', 'Encontre e minere seu primeiro diamante'),
(43, 144, 'A Estrela do Fim', 'Invoque e derrote o Wither em combate'),
(75, 145, 'Aço de Puro Osso', 'Conclua o jogo no modo Alma de Aço (morte permanente)'),
(75, 146, 'Panteão de Hallownest', 'Vença o último panteão de chefões');
--------------------------------------------------------------------------------------------------
-- 7. DESBLOQUEIA (130 registros -> liga Usuario, Jogo, Conquista)
--------------------------------------------------------------------------------------------------
INSERT INTO Desbloqueia (id_user, id_jogo, id_conquista) VALUES
(1, 1, 1), (2, 2, 2), (3, 3, 3), (4, 4, 4), (5, 5, 5), (6, 6, 6), (7, 7, 7), (8, 8, 8), (9, 9, 9), (10, 10, 10),
(11, 11, 11), (12, 12, 12), (13, 13, 13), (14, 14, 14), (15, 15, 15), (16, 16, 16), (17, 17, 17), (18, 18, 18), (19, 19, 19), (20, 20, 20),
(21, 21, 21), (22, 22, 22), (23, 23, 23), (24, 24, 24), (25, 25, 25), (26, 26, 26), (27, 27, 27), (28, 28, 28), (29, 29, 29), (30, 30, 30),
(31, 31, 31), (32, 32, 32), (33, 33, 33), (34, 34, 34), (35, 35, 35), (36, 36, 36), (37, 37, 37), (38, 38, 38), (39, 39, 39), (40, 40, 40),
(41, 41, 41), (42, 42, 42), (43, 43, 43), (44, 44, 44), (45, 45, 45), (46, 46, 46), (47, 47, 47), (48, 48, 48), (49, 49, 49), (50, 50, 50),
(51, 51, 51), (52, 52, 52), (53, 53, 53), (54, 54, 54), (55, 55, 55), (56, 56, 56), (57, 57, 57), (58, 58, 58), (59, 59, 59), (60, 60, 60),
(61, 61, 61), (62, 62, 62), (63, 63, 63), (64, 64, 64), (65, 65, 65), (66, 66, 66), (67, 67, 67), (68, 68, 68), (69, 69, 69), (70, 70, 70),
(71, 71, 71), (72, 72, 72), (73, 73, 73), (74, 74, 74), (75, 75, 75), (76, 76, 76), (77, 77, 77), (78, 78, 78), (79, 79, 79), (80, 80, 80),
(81, 81, 81), (82, 82, 82), (83, 83, 83), (84, 84, 84), (85, 85, 85), (86, 86, 86), (87, 87, 87), (88, 88, 88), (89, 89, 89), (90, 90, 90),
(91, 91, 91), (92, 92, 92), (93, 93, 93), (94, 94, 94), (95, 95, 95), (96, 96, 96), (97, 97, 97), (98, 98, 98), (99, 99, 99), (100, 100, 100),
(101, 101, 101), (102, 102, 102), (103, 103, 103), (104, 104, 104), (105, 105, 105), (106, 106, 106), (107, 107, 107), (108, 108, 108), (109, 109, 109), (110, 110, 110),
(111, 111, 111), (112, 112, 112), (113, 113, 113), (114, 114, 114), (115, 115, 115), (116, 116, 116), (117, 117, 117), (118, 118, 118), (119, 119, 119), (120, 120, 120),
(121, 121, 121), (122, 122, 122), (123, 123, 123), (124, 124, 124), (125, 125, 125), (126, 126, 126), (127, 127, 127), (128, 128, 128), (129, 129, 129), (130, 130, 130),
(1, 1, 131), (1, 1, 132), (1, 4, 133), (1, 4, 134), (2, 1, 131), (3, 7, 137), (3, 7, 138), (3, 6, 135), (5, 43, 143), (5, 43, 144),
(8, 8, 139), (8, 8, 140), (8, 31, 141), (8, 31, 142), (11, 31, 141), (13, 31, 141), (13, 31, 142), (15, 75, 145), (15, 75, 146);

--------------------------------------------------------------------------------------------------
-- 8. BIBLIOTECA (130 registros -> 1 por usuário)
--------------------------------------------------------------------------------------------------
INSERT INTO Biblioteca (id_biblioteca, qntd_jogos, data_atualizacao, id_user) VALUES
(1, 10, '2024-01-10', 1), (2, 2, NULL, 2), (3, 45, '2024-02-15', 3), (4, 1, '2023-12-01', 4), (5, 0, NULL, 5),
(6, 12, '2024-03-01', 6), (7, 8, '2024-01-20', 7), (8, 4, NULL, 8), (9, 88, '2024-04-02', 9), (10, 15, '2024-02-28', 10),
(11, 3, '2024-01-05', 11), (12, 7, NULL, 12), (13, 22, '2024-03-14', 13), (14, 9, '2023-11-25', 14), (15, 0, NULL, 15),
(16, 14, '2024-02-19', 16), (17, 31, '2024-01-18', 17), (18, 2, NULL, 18), (19, 60, '2024-04-10', 19), (20, 11, '2024-03-05', 20),
(21, 5, '2024-01-12', 21), (22, 1, NULL, 22), (23, 19, '2024-02-22', 23), (24, 8, '2023-12-15', 24), (25, 0, NULL, 25),
(26, 16, '2024-03-08', 26), (27, 40, '2024-01-25', 27), (28, 6, NULL, 28), (29, 75, '2024-04-12', 29), (30, 13, '2024-02-20', 30),
(31, 2, '2024-01-02', 31), (32, 9, NULL, 32), (33, 25, '2024-03-19', 33), (34, 4, '2023-11-20', 34), (35, 0, NULL, 35),
(36, 18, '2024-02-25', 36), (37, 50, '2024-01-30', 37), (38, 3, NULL, 38), (39, 92, '2024-04-15', 39), (40, 17, '2024-03-09', 40),
(41, 10, '2024-01-10', 41), (42, 2, NULL, 42), (43, 45, '2024-02-15', 43), (44, 1, '2023-12-01', 44), (45, 0, NULL, 45),
(46, 12, '2024-03-01', 46), (47, 8, '2024-01-20', 47), (48, 4, NULL, 48), (49, 88, '2024-04-02', 49), (50, 15, '2024-02-28', 50),
(51, 3, '2024-01-05', 51), (52, 7, NULL, 52), (53, 22, '2024-03-14', 53), (54, 9, '2023-11-25', 54), (55, 0, NULL, 55),
(56, 14, '2024-02-19', 56), (57, 31, '2024-01-18', 57), (58, 2, NULL, 58), (59, 60, '2024-04-10', 59), (60, 11, '2024-03-05', 60),
(61, 5, '2024-01-12', 61), (62, 1, NULL, 62), (63, 19, '2024-02-22', 63), (64, 8, '2023-12-15', 64), (65, 0, NULL, 65),
(66, 16, '2024-03-08', 66), (67, 40, '2024-01-25', 67), (68, 6, NULL, 68), (69, 75, '2024-04-12', 69), (70, 13, '2024-02-20', 70),
(71, 2, '2024-01-02', 71), (72, 9, NULL, 72), (73, 25, '2024-03-19', 73), (74, 4, '2023-11-20', 74), (75, 0, NULL, 75),
(76, 18, '2024-02-25', 76), (77, 50, '2024-01-30', 77), (78, 3, NULL, 78), (79, 92, '2024-04-15', 79), (80, 17, '2024-03-09', 80),
(81, 10, '2024-01-10', 81), (82, 2, NULL, 82), (83, 45, '2024-02-15', 83), (84, 1, '2023-12-01', 84), (85, 0, NULL, 85),
(86, 12, '2024-03-01', 86), (87, 8, '2024-01-20', 87), (88, 4, NULL, 88), (89, 88, '2024-04-02', 89), (90, 15, '2024-02-28', 90),
(91, 3, '2024-01-05', 91), (92, 7, NULL, 92), (93, 22, '2024-03-14', 93), (94, 9, '2023-11-25', 94), (95, 0, NULL, 95),
(96, 14, '2024-02-19', 96), (97, 31, '2024-01-18', 97), (98, 2, NULL, 98), (99, 60, '2024-04-10', 99), (100, 11, '2024-03-05', 100),
(101, 5, '2024-01-12', 101), (102, 1, NULL, 102), (103, 19, '2024-02-22', 103), (104, 8, '2023-12-15', 104), (105, 0, NULL, 105),
(106, 16, '2024-03-08', 106), (107, 40, '2024-01-25', 107), (108, 6, NULL, 108), (109, 75, '2024-04-12', 109), (110, 13, '2024-02-20', 110),
(111, 2, '2024-01-02', 111), (112, 9, NULL, 112), (113, 25, '2024-03-19', 113), (114, 4, '2023-11-20', 114), (115, 0, NULL, 115),
(116, 18, '2024-02-25', 116), (117, 50, '2024-01-30', 117), (118, 3, NULL, 118), (119, 92, '2024-04-15', 119), (120, 17, '2024-03-09', 120),
(121, 5, '2024-01-12', 121), (122, 1, NULL, 122), (123, 19, '2024-02-22', 123), (124, 8, '2023-12-15', 124), (125, 0, NULL, 125),
(126, 16, '2024-03-08', 126), (127, 40, '2024-01-25', 127), (128, 6, NULL, 128), (129, 75, '2024-04-12', 129), (130, 13, '2024-02-20', 130);

--------------------------------------------------------------------------------------------------
-- 9. ARMAZENA (130 registros -> associa Biblioteca a Produto)
--------------------------------------------------------------------------------------------------
INSERT INTO Armazena (id_biblioteca, id_produto, tempo_jogado, ultima_sessao, data_aqs, status_progresso) VALUES

(1, 4, '45:20:00', '2026-05-10 10:00:00', '2023-10-12', 'Em Andamento'),
(1, 7, '120:00:00', '2026-05-15 22:00:00', '2023-11-01', 'Completo'),
(1, 15, '10:00:00', NULL, '2026-01-20', 'Não Iniciado'),
(1, 43, '300:15:00', '2026-05-16 18:30:00', '2022-05-10', 'Em Andamento'),
(1, 82, '05:30:00', '2026-04-01 20:00:00', '2025-07-22', 'Em Andamento'),
(1, 101, '55:10:00', '2026-06-05 14:45:00', '2024-12-05', 'Completo'),
(2, 1, '02:00:00', NULL, '2026-02-15', 'Não Iniciado'),
(2, 5, '65:30:00', '2026-04-20 21:10:00', '2023-12-25', 'Completo'),
(2, 12, '15:45:00', '2026-05-01 19:00:00', '2026-01-10', 'Em Andamento'),
(3, 1, '500:00:00', '2026-06-16 23:00:00', '2021-08-14', 'Em Andamento'),
(3, 8, '80:20:00', '2026-05-10 14:00:00', '2023-09-07', 'Completo'),
(3, 31, '150:00:00', '2026-03-15 16:45:00', '2020-11-11', 'Completo'),
(3, 82, '20:00:00', NULL, '2023-10-31', 'Em Andamento'),
(3, 23, '12:00:00', '2026-01-15 15:30:00', '2023-12-25', 'Em Andamento'),
(3, 44, '120:00:00', '2026-06-12 21:00:00', '2024-02-01', 'Completo'),
(3, 75, '35:40:00', '2026-04-10 19:30:00', '2025-05-20', 'Completo'),
(3, 91, '08:15:00', NULL, '2026-01-10', 'Em Andamento'),
(3, 115, '45:00:00', '2026-03-22 22:15:00', '2025-08-15', 'Completo'),
(3, 122, '70:25:00', '2026-06-15 18:40:00', '2024-11-30', 'Em Andamento'),
(4, 2, '1000:00:00', '2026-06-16 02:00:00', '2019-07-09', 'Em Andamento'),
(4, 21, '400:00:00', '2026-06-15 17:00:00', '2020-01-10', 'Em Andamento'),
(4, 43, '60:00:00', '2026-05-14 19:15:00', '2023-01-05', 'Em Andamento'),
(4, 103, '15:20:00', '2026-02-28 20:30:00', '2025-12-01', 'Completo'),
(6, 14, '250:00:00', '2026-06-14 21:00:00', '2022-03-15', 'Em Andamento'),
(6, 34, '85:10:00', '2026-05-20 18:00:00', '2024-09-10', 'Completo'),
(6, 45, '10:00:00', NULL, '2026-01-05', 'Não Iniciado'),
(6, 73, '130:45:00', '2026-06-10 23:45:00', '2024-08-15', 'Completo'),
(6, 80, '12:30:00', '2026-02-14 15:20:00', '2025-10-10', 'Em Andamento'),
(6, 96, '22:15:00', '2026-04-05 20:10:00', '2024-11-20', 'Completo'),
(6, 126, '40:00:00', '2026-06-01 19:30:00', '2023-05-12', 'Em Andamento'),
(7, 11, '30:00:00', '2026-03-10 22:00:00', '2024-01-25', 'Completo'),
(7, 36, '15:45:00', '2026-05-12 18:20:00', '2025-06-10', 'Em Andamento'),
(8, 2, '150:00:00', '2026-06-15 21:00:00', '2021-02-14', 'Em Andamento'),
(8, 9, '60:00:00', '2026-04-20 19:30:00', '2023-11-05', 'Completo'),
(8, 17, '300:00:00', '2026-06-16 20:15:00', '2020-05-10', 'Em Andamento'),
(8, 24, '25:30:00', '2026-01-15 16:45:00', '2024-12-20', 'Completo'),
(8, 32, '180:00:00', '2026-05-25 22:10:00', '2022-08-18', 'Completo'),
(8, 42, '15:00:00', '2026-02-10 14:00:00', '2025-01-12', 'Em Andamento'),
(8, 51, '45:20:00', '2026-06-05 18:50:00', '2024-09-25', 'Em Andamento'),
(8, 62, '10:00:00', NULL, '2026-03-01', 'Não Iniciado'),
(8, 76, '50:45:00', '2026-05-30 23:00:00', '2023-10-15', 'Completo'),
(8, 85, '120:00:00', '2026-06-14 20:30:00', '2024-04-22', 'Em Andamento'),
(8, 94, '85:15:00', '2026-06-10 19:10:00', '2023-07-08', 'Completo'),
(8, 110, '08:30:00', '2026-01-20 15:45:00', '2025-11-30', 'Completo'),
(8, 129, '200:00:00', '2026-06-16 22:20:00', '2023-02-14', 'Em Andamento'),
(9, 3, '400:00:00', '2026-06-16 18:00:00', '2019-09-10', 'Em Andamento'),
(9, 20, '35:00:00', '2026-04-12 21:30:00', '2024-12-05', 'Completo'),
(9, 37, '90:15:00', '2026-05-28 20:00:00', '2023-08-20', 'Completo'),
(9, 65, '12:00:00', NULL, '2026-02-15', 'Não Iniciado'),
(9, 81, '150:45:00', '2026-06-15 22:45:00', '2021-11-11', 'Em Andamento'),
(10, 21, '600:00:00', '2026-06-16 19:30:00', '2018-05-20', 'Em Andamento'),
(11, 4, '80:00:00', '2026-03-20 20:00:00', '2023-10-10', 'Completo'),
(11, 15, '45:30:00', '2026-06-12 18:15:00', '2024-05-05', 'Em Andamento'),
(11, 39, '210:00:00', '2026-06-15 23:00:00', '2022-07-22', 'Em Andamento'),
(11, 57, '30:15:00', '2026-02-18 21:45:00', '2025-01-10', 'Completo'),
(11, 68, '18:00:00', '2026-04-10 19:30:00', '2024-11-20', 'Em Andamento'),
(11, 89, '65:40:00', '2026-05-05 20:20:00', '2023-04-15', 'Completo'),
(11, 107, '05:00:00', NULL, '2026-03-01', 'Não Iniciado'),
(11, 121, '140:00:00', '2026-06-10 22:10:00', '2021-09-30', 'Completo'),
(12, 6, '150:00:00', '2026-05-15 20:00:00', '2020-12-25', 'Completo'),
(12, 28, '12:30:00', '2026-01-20 18:45:00', '2025-10-05', 'Completo'),
(12, 48, '90:00:00', '2026-06-14 21:15:00', '2023-08-10', 'Em Andamento'),
(12, 92, '25:10:00', '2026-04-22 19:30:00', '2024-11-15', 'Em Andamento'),
(13, 1, '800:00:00', '2026-06-16 22:00:00', '2019-05-10', 'Em Andamento'),
(13, 19, '45:00:00', '2026-03-10 19:00:00', '2024-02-20', 'Completo'),
(13, 31, '200:00:00', '2026-05-25 21:30:00', '2021-11-11', 'Completo'),
(13, 53, '18:45:00', '2026-02-15 20:15:00', '2025-07-05', 'Em Andamento'),
(13, 74, '110:00:00', '2026-06-10 23:00:00', '2023-04-18', 'Completo'),
(13, 100, '35:20:00', '2026-04-05 18:40:00', '2024-10-12', 'Completo'),
(15, 8, '150:00:00', '2026-06-15 20:00:00', '2023-12-25', 'Completo'),
(15, 25, '40:30:00', '2026-05-10 19:15:00', '2024-08-20', 'Em Andamento'),
(15, 41, '300:00:00', '2026-06-16 22:45:00', '2022-01-15', 'Em Andamento'),
(15, 59, '15:00:00', '2026-03-05 18:30:00', '2025-09-10', 'Completo'),
(15, 77, '22:45:00', '2026-04-20 21:00:00', '2024-11-05', 'Completo'),
(15, 95, '85:00:00', '2026-06-12 23:10:00', '2023-05-22', 'Em Andamento'),
(15, 111, '10:15:00', NULL, '2026-02-10', 'Não Iniciado'),
(15, 125, '65:20:00', '2026-05-28 20:40:00', '2024-04-18', 'Completo'),
(15, 130, '45:00:00', '2026-06-05 19:50:00', '2025-01-30', 'Em Andamento'),
(16, 7, '85:00:00', '2026-06-10 20:00:00', '2024-01-15', 'Completo'),
(16, 22, '150:00:00', '2026-05-20 18:30:00', '2023-10-05', 'Em Andamento'),
(16, 88, '45:15:00', '2026-04-12 21:45:00', '2025-02-28', 'Completo'),
(17, 4, '120:00:00', '2026-06-15 22:10:00', '2021-07-20', 'Completo'),
(17, 33, '60:30:00', '2026-05-05 19:00:00', '2024-03-12', 'Em Andamento'),
(18, 9, '75:00:00', '2026-06-12 20:45:00', '2023-11-18', 'Completo'),
(18, 46, '200:00:00', '2026-06-16 23:30:00', '2022-09-05', 'Em Andamento'),
(18, 102, '35:20:00', '2026-04-25 18:15:00', '2025-05-10', 'Completo'),
(18, 118, '18:00:00', '2026-03-15 21:00:00', '2024-12-01', 'Em Andamento'),
(19, 1, '650:00:00', '2026-06-16 21:45:00', '2020-04-10', 'Em Andamento'),
(19, 21, '300:00:00', '2026-06-14 19:30:00', '2021-08-25', 'Em Andamento'),
(20, 13, '40:00:00', '2026-05-18 22:00:00', '2024-10-15', 'Completo'),
(21, 5, '110:00:00', '2026-06-08 20:30:00', '2023-01-20', 'Completo'),
(21, 60, '15:45:00', '2026-02-10 18:00:00', '2025-07-12', 'Em Andamento'),
(21, 99, '25:10:00', '2026-04-05 21:15:00', '2024-11-30', 'Completo'),
(22, 2, '450:00:00', '2026-06-15 23:10:00', '2021-06-05', 'Em Andamento'),
(22, 10, '55:00:00', '2026-05-22 19:45:00', '2024-02-18', 'Completo'),
(23, 7, '95:30:00', '2026-06-10 20:20:00', '2023-12-10', 'Completo'),
(23, 26, '28:00:00', '2026-03-14 18:50:00', '2025-04-25', 'Completo'),
(23, 83, '180:00:00', '2026-06-16 21:00:00', '2022-10-08', 'Em Andamento'),
(24, 15, '65:15:00', '2026-05-30 22:30:00', '2024-05-15', 'Em Andamento'),
(25, 4, '150:00:00', '2026-06-12 19:10:00', '2021-09-20', 'Completo'),
(25, 31, '220:00:00', '2026-06-15 20:45:00', '2020-11-15', 'Completo'),
(25, 63, '12:00:00', '2026-02-20 18:30:00', '2025-08-05', 'Em Andamento'),
(25, 116, '45:20:00', '2026-05-10 21:15:00', '2024-01-12', 'Completo'),
(26, 8, '115:00:00', '2026-06-05 23:00:00', '2023-04-10', 'Completo'),
(27, 14, '320:00:00', '2026-06-16 20:30:00', '2022-02-28', 'Em Andamento'),
(27, 43, '85:45:00', '2026-05-18 19:45:00', '2024-07-15', 'Em Andamento'),
(28, 3, '500:00:00', '2026-06-15 22:20:00', '2020-08-10', 'Em Andamento'),
(28, 18, '35:10:00', '2026-04-12 18:00:00', '2025-03-22', 'Completo'),
(29, 6, '140:00:00', '2026-06-08 21:10:00', '2021-12-05', 'Completo'),
(29, 50, '90:30:00', '2026-05-25 19:50:00', '2024-06-18', 'Em Andamento'),
(30, 11, '25:00:00', '2026-03-05 20:15:00', '2025-01-30', 'Completo'),
(30, 24, '40:45:00', '2026-05-15 18:40:00', '2024-10-12', 'Completo'),
(30, 75, '65:20:00', '2026-06-12 22:30:00', '2023-09-08', 'Em Andamento'),
(31, 31, '340:20:00', '2024-05-15 15:45:00', '2024-01-02', 'Em Andamento'),
(32, 32, '15:30:00', NULL, '2024-02-14', NULL),
(33, 33, '210:45:00', '2024-05-13 23:10:00', '2024-03-19', 'Completo'),
(34, 34, '09:10:00', NULL, '2023-11-20', NULL),
(35, 35, '00:00:00', NULL, '2024-03-25', 'Não Iniciado'),
(36, 36, '64:25:00', '2024-05-11 17:50:00', '2024-02-25', 'Em Andamento'),
(37, 37, '130:00:00', NULL, '2024-01-30', NULL),
(38, 38, '07:45:00', NULL, '2024-03-09', 'Em Andamento'),
(39, 39, '840:50:00', '2024-05-16 21:15:00', '2024-04-15', 'Completo'),
(40, 40, '42:10:00', NULL, '2024-03-09', NULL),
(41, 41, '120:30:00', '2024-05-15 14:20:00', '2024-01-10', 'Em Andamento'),
(42, 42, '05:15:00', NULL, '2024-01-12', NULL),
(43, 43, '450:00:00', '2024-05-16 22:10:00', '2024-02-15', 'Completo'),
(44, 44, '02:00:00', NULL, '2023-12-01', NULL),
(45, 45, '00:00:00', NULL, '2024-03-01', 'Não Iniciado'),
(46, 46, '89:45:00', '2024-05-14 09:30:00', '2024-03-01', 'Em Andamento'),
(47, 47, '62:00:00', NULL, '2024-01-20', NULL),
(48, 48, '14:20:00', NULL, '2024-02-10', 'Em Andamento'),
(49, 49, '310:15:00', '2024-05-16 18:00:00', '2024-04-02', 'Completo'),
(50, 50, '45:00:00', NULL, '2024-02-28', NULL),
(51, 51, '23:10:00', '2024-05-12 11:15:00', '2024-01-05', 'Em Andamento'),
(52, 52, '12:00:00', NULL, '2024-02-11', NULL),
(53, 53, '105:40:00', '2024-05-15 20:45:00', '2024-03-14', 'Completo'),
(54, 54, '08:50:00', NULL, '2023-11-25', NULL),
(55, 55, '00:00:00', NULL, '2024-03-20', 'Não Iniciado'),
(56, 56, '41:15:00', '2024-05-10 16:22:00', '2024-02-19', 'Em Andamento'),
(57, 57, '210:00:00', NULL, '2024-01-18', NULL),
(58, 58, '04:30:00', NULL, '2024-03-02', 'Em Andamento'),
(59, 59, '540:30:00', '2024-05-16 23:50:00', '2024-04-10', 'Completo'),
(60, 60, '33:20:00', NULL, '2024-03-05', NULL),
(61, 61, '115:00:00', '2024-05-11 13:10:00', '2024-01-12', 'Em Andamento'),
(62, 62, '02:10:00', NULL, '2024-02-01', NULL),
(63, 63, '94:50:00', '2024-05-14 21:00:00', '2024-02-22', 'Completo'),
(64, 64, '18:40:00', NULL, '2023-12-15', NULL),
(65, 65, '00:00:00', NULL, '2024-04-01', 'Não Iniciado'),
(66, 66, '52:10:00', '2024-05-09 10:30:00', '2024-03-08', 'Em Andamento'),
(67, 67, '180:00:00', NULL, '2024-01-25', NULL),
(68, 68, '06:15:00', NULL, '2024-03-04', 'Em Andamento'),
(69, 69, '610:15:00', '2024-05-16 19:40:00', '2024-04-12', 'Completo'),
(70, 70, '28:40:00', NULL, '2024-02-20', NULL),
(71, 71, '340:20:00', '2024-05-15 15:45:00', '2024-01-02', 'Em Andamento'),
(72, 72, '15:30:00', NULL, '2024-02-14', NULL),
(73, 73, '210:45:00', '2024-05-13 23:10:00', '2024-03-19', 'Completo'),
(74, 74, '09:10:00', NULL, '2023-11-20', NULL),
(75, 75, '00:00:00', NULL, '2024-03-25', 'Não Iniciado'),
(76, 76, '64:25:00', '2024-05-11 17:50:00', '2024-02-25', 'Em Andamento'),
(77, 77, '130:00:00', NULL, '2024-01-30', NULL),
(78, 78, '07:45:00', NULL, '2024-03-09', 'Em Andamento'),
(79, 79, '840:50:00', '2024-05-16 21:15:00', '2024-04-15', 'Completo'),
(80, 80, '42:10:00', NULL, '2024-03-09', NULL),
(81, 81, '120:30:00', '2024-05-15 14:20:00', '2024-01-10', 'Em Andamento'),
(82, 82, '05:15:00', NULL, '2024-01-12', NULL),
(83, 83, '450:00:00', '2024-05-16 22:10:00', '2024-02-15', 'Completo'),
(84, 84, '02:00:00', NULL, '2023-12-01', NULL),
(85, 85, '00:00:00', NULL, '2024-03-01', 'Não Iniciado'),
(86, 86, '89:45:00', '2024-05-14 09:30:00', '2024-03-01', 'Em Andamento'),
(87, 87, '62:00:00', NULL, '2024-01-20', NULL),
(88, 88, '14:20:00', NULL, '2024-02-10', 'Em Andamento'),
(89, 89, '310:15:00', '2024-05-16 18:00:00', '2024-04-02', 'Completo'),
(90, 90, '45:00:00', NULL, '2024-02-28', NULL),
(91, 91, '23:10:00', '2024-05-12 11:15:00', '2024-01-05', 'Em Andamento'),
(92, 92, '12:00:00', NULL, '2024-02-11', NULL),
(93, 93, '105:40:00', '2024-05-15 20:45:00', '2024-03-14', 'Completo'),
(94, 94, '08:50:00', NULL, '2023-11-25', NULL),
(95, 95, '00:00:00', NULL, '2024-03-20', 'Não Iniciado'),
(96, 96, '41:15:00', '2024-05-10 16:22:00', '2024-02-19', 'Em Andamento'),
(97, 97, '210:00:00', NULL, '2024-01-18', NULL),
(98, 98, '04:30:00', NULL, '2024-03-02', 'Em Andamento'),
(99, 99, '540:30:00', '2024-05-16 23:50:00', '2024-04-10', 'Completo'),
(100, 100, '33:20:00', NULL, '2024-03-05', NULL),
(101, 101, '115:00:00', '2024-05-11 13:10:00', '2024-01-12', 'Em Andamento'),
(102, 102, '02:10:00', NULL, '2024-02-01', NULL),
(103, 103, '94:50:00', '2024-05-14 21:00:00', '2024-02-22', 'Completo'),
(104, 104, '18:40:00', NULL, '2023-12-15', NULL),
(105, 105, '00:00:00', NULL, '2024-04-01', 'Não Iniciado'),
(106, 106, '52:10:00', '2024-05-09 10:30:00', '2024-03-08', 'Em Andamento'),
(107, 107, '180:00:00', NULL, '2024-01-25', NULL),
(108, 108, '06:15:00', NULL, '2024-03-04', 'Em Andamento'),
(109, 109, '610:15:00', '2024-05-16 19:40:00', '2024-04-12', 'Completo'),
(110, 110, '28:40:00', NULL, '2024-02-20', NULL),
(111, 111, '340:20:00', '2024-05-15 15:45:00', '2024-01-02', 'Em Andamento'),
(112, 112, '15:30:00', NULL, '2024-02-14', NULL),
(113, 113, '210:45:00', '2024-05-13 23:10:00', '2024-03-19', 'Completo'),
(114, 114, '09:10:00', NULL, '2023-11-20', NULL),
(115, 115, '00:00:00', NULL, '2024-03-25', 'Não Iniciado'),
(116, 116, '64:25:00', '2024-05-11 17:50:00', '2024-02-25', 'Em Andamento'),
(117, 117, '130:00:00', NULL, '2024-01-30', NULL),
(118, 118, '07:45:00', NULL, '2024-03-09', 'Em Andamento'),
(119, 119, '840:50:00', '2024-05-16 21:15:00', '2024-04-15', 'Completo'),
(120, 120, '42:10:00', NULL, '2024-03-09', NULL),
(121, 121, '115:00:00', '2024-05-11 13:10:00', '2024-01-12', 'Em Andamento'),
(122, 122, '02:10:00', NULL, '2024-02-01', NULL),
(123, 123, '94:50:00', '2024-05-14 21:00:00', '2024-02-22', 'Completo'),
(124, 124, '18:40:00', NULL, '2023-12-15', NULL),
(125, 125, '00:00:00', NULL, '2024-04-01', 'Não Iniciado'),
(126, 126, '52:10:00', '2024-05-09 10:30:00', '2024-03-08', 'Em Andamento'),
(127, 127, '180:00:00', NULL, '2024-01-25', NULL),
(128, 128, '06:15:00', NULL, '2024-03-04', 'Em Andamento'),
(129, 129, '610:15:00', '2024-05-16 19:40:00', '2024-04-12', 'Completo'),
(130, 130, '28:40:00', NULL, '2024-02-20', NULL),
(1, 4, '45:20:00', '2026-05-10 10:00:00', '2023-10-12', 'Em Andamento'),
(1, 7, '120:00:00', '2026-05-15 22:00:00', '2023-11-01', 'Completo'),
(1, 15, '10:00:00', NULL, '2026-01-20', 'Não Iniciado'),
(1, 43, '300:15:00', '2026-05-16 18:30:00', '2022-05-10', 'Em Andamento'),
(1, 82, '05:30:00', '2026-04-01 20:00:00', '2025-07-22', 'Em Andamento'),
(1, 101, '55:10:00', '2026-06-05 14:45:00', '2024-12-05', 'Completo'),
(2, 1, '02:00:00', NULL, '2026-02-15', 'Não Iniciado'),
(2, 5, '65:30:00', '2026-04-20 21:10:00', '2023-12-25', 'Completo'),
(2, 12, '15:45:00', '2026-05-01 19:00:00', '2026-01-10', 'Em Andamento'),
(3, 1, '500:00:00', '2026-06-16 23:00:00', '2021-08-14', 'Em Andamento'),
(3, 8, '80:20:00', '2026-05-10 14:00:00', '2023-09-07', 'Completo'),
(3, 31, '150:00:00', '2026-03-15 16:45:00', '2020-11-11', 'Completo'),
(3, 82, '20:00:00', NULL, '2023-10-31', 'Em Andamento'),
(3, 23, '12:00:00', '2026-01-15 15:30:00', '2023-12-25', 'Em Andamento'),
(3, 44, '120:00:00', '2026-06-12 21:00:00', '2024-02-01', 'Completo'),
(3, 75, '35:40:00', '2026-04-10 19:30:00', '2025-05-20', 'Completo'),
(3, 91, '08:15:00', NULL, '2026-01-10', 'Em Andamento'),
(3, 115, '45:00:00', '2026-03-22 22:15:00', '2025-08-15', 'Completo'),
(3, 122, '70:25:00', '2026-06-15 18:40:00', '2024-11-30', 'Em Andamento'),
(4, 2, '1000:00:00', '2026-06-16 02:00:00', '2019-07-09', 'Em Andamento'),
(4, 21, '400:00:00', '2026-06-15 17:00:00', '2020-01-10', 'Em Andamento'),
(4, 43, '60:00:00', '2026-05-14 19:15:00', '2023-01-05', 'Em Andamento'),
(4, 103, '15:20:00', '2026-02-28 20:30:00', '2025-12-01', 'Completo'),
(6, 14, '250:00:00', '2026-06-14 21:00:00', '2022-03-15', 'Em Andamento'),
(6, 34, '85:10:00', '2026-05-20 18:00:00', '2024-09-10', 'Completo'),
(6, 45, '10:00:00', NULL, '2026-01-05', 'Não Iniciado'),
(6, 73, '130:45:00', '2026-06-10 23:45:00', '2024-08-15', 'Completo'),
(6, 80, '12:30:00', '2026-02-14 15:20:00', '2025-10-10', 'Em Andamento'),
(6, 96, '22:15:00', '2026-04-05 20:10:00', '2024-11-20', 'Completo'),
(6, 126, '40:00:00', '2026-06-01 19:30:00', '2023-05-12', 'Em Andamento'),
(7, 11, '30:00:00', '2026-03-10 22:00:00', '2024-01-25', 'Completo'),
(7, 36, '15:45:00', '2026-05-12 18:20:00', '2025-06-10', 'Em Andamento'),
(8, 2, '150:00:00', '2026-06-15 21:00:00', '2021-02-14', 'Em Andamento'),
(8, 9, '60:00:00', '2026-04-20 19:30:00', '2023-11-05', 'Completo'),
(8, 17, '300:00:00', '2026-06-16 20:15:00', '2020-05-10', 'Em Andamento'),
(8, 24, '25:30:00', '2026-01-15 16:45:00', '2024-12-20', 'Completo'),
(8, 32, '180:00:00', '2026-05-25 22:10:00', '2022-08-18', 'Completo'),
(8, 42, '15:00:00', '2026-02-10 14:00:00', '2025-01-12', 'Em Andamento'),
(8, 51, '45:20:00', '2026-06-05 18:50:00', '2024-09-25', 'Em Andamento'),
(8, 62, '10:00:00', NULL, '2026-03-01', 'Não Iniciado'),
(8, 76, '50:45:00', '2026-05-30 23:00:00', '2023-10-15', 'Completo'),
(8, 85, '120:00:00', '2026-06-14 20:30:00', '2024-04-22', 'Em Andamento'),
(8, 94, '85:15:00', '2026-06-10 19:10:00', '2023-07-08', 'Completo'),
(8, 110, '08:30:00', '2026-01-20 15:45:00', '2025-11-30', 'Completo'),
(8, 129, '200:00:00', '2026-06-16 22:20:00', '2023-02-14', 'Em Andamento'),
(9, 3, '400:00:00', '2026-06-16 18:00:00', '2019-09-10', 'Em Andamento'),
(9, 20, '35:00:00', '2026-04-12 21:30:00', '2024-12-05', 'Completo'),
(9, 37, '90:15:00', '2026-05-28 20:00:00', '2023-08-20', 'Completo'),
(9, 65, '12:00:00', NULL, '2026-02-15', 'Não Iniciado'),
(9, 81, '150:45:00', '2026-06-15 22:45:00', '2021-11-11', 'Em Andamento'),
(10, 21, '600:00:00', '2026-06-16 19:30:00', '2018-05-20', 'Em Andamento'),
(11, 4, '80:00:00', '2026-03-20 20:00:00', '2023-10-10', 'Completo'),
(11, 15, '45:30:00', '2026-06-12 18:15:00', '2024-05-05', 'Em Andamento'),
(11, 39, '210:00:00', '2026-06-15 23:00:00', '2022-07-22', 'Em Andamento'),
(11, 57, '30:15:00', '2026-02-18 21:45:00', '2025-01-10', 'Completo'),
(11, 68, '18:00:00', '2026-04-10 19:30:00', '2024-11-20', 'Em Andamento'),
(11, 89, '65:40:00', '2026-05-05 20:20:00', '2023-04-15', 'Completo'),
(11, 107, '05:00:00', NULL, '2026-03-01', 'Não Iniciado'),
(11, 121, '140:00:00', '2026-06-10 22:10:00', '2021-09-30', 'Completo'),
(12, 6, '150:00:00', '2026-05-15 20:00:00', '2020-12-25', 'Completo'),
(12, 28, '12:30:00', '2026-01-20 18:45:00', '2025-10-05', 'Completo'),
(12, 48, '90:00:00', '2026-06-14 21:15:00', '2023-08-10', 'Em Andamento'),
(12, 92, '25:10:00', '2026-04-22 19:30:00', '2024-11-15', 'Em Andamento'),
(13, 1, '800:00:00', '2026-06-16 22:00:00', '2019-05-10', 'Em Andamento'),
(13, 19, '45:00:00', '2026-03-10 19:00:00', '2024-02-20', 'Completo'),
(13, 31, '200:00:00', '2026-05-25 21:30:00', '2021-11-11', 'Completo'),
(13, 53, '18:45:00', '2026-02-15 20:15:00', '2025-07-05', 'Em Andamento'),
(13, 74, '110:00:00', '2026-06-10 23:00:00', '2023-04-18', 'Completo'),
(13, 100, '35:20:00', '2026-04-05 18:40:00', '2024-10-12', 'Completo'),
(15, 8, '150:00:00', '2026-06-15 20:00:00', '2023-12-25', 'Completo'),
(15, 25, '40:30:00', '2026-05-10 19:15:00', '2024-08-20', 'Em Andamento'),
(15, 41, '300:00:00', '2026-06-16 22:45:00', '2022-01-15', 'Em Andamento'),
(15, 59, '15:00:00', '2026-03-05 18:30:00', '2025-09-10', 'Completo'),
(15, 77, '22:45:00', '2026-04-20 21:00:00', '2024-11-05', 'Completo'),
(15, 95, '85:00:00', '2026-06-12 23:10:00', '2023-05-22', 'Em Andamento'),
(15, 111, '10:15:00', NULL, '2026-02-10', 'Não Iniciado'),
(15, 125, '65:20:00', '2026-05-28 20:40:00', '2024-04-18', 'Completo'),
(15, 130, '45:00:00', '2026-06-05 19:50:00', '2025-01-30', 'Em Andamento'),
(16, 7, '85:00:00', '2026-06-10 20:00:00', '2024-01-15', 'Completo'),
(16, 22, '150:00:00', '2026-05-20 18:30:00', '2023-10-05', 'Em Andamento'),
(16, 88, '45:15:00', '2026-04-12 21:45:00', '2025-02-28', 'Completo'),
(17, 4, '120:00:00', '2026-06-15 22:10:00', '2021-07-20', 'Completo'),
(17, 33, '60:30:00', '2026-05-05 19:00:00', '2024-03-12', 'Em Andamento'),
(18, 9, '75:00:00', '2026-06-12 20:45:00', '2023-11-18', 'Completo'),
(18, 46, '200:00:00', '2026-06-16 23:30:00', '2022-09-05', 'Em Andamento'),
(18, 102, '35:20:00', '2026-04-25 18:15:00', '2025-05-10', 'Completo'),
(18, 118, '18:00:00', '2026-03-15 21:00:00', '2024-12-01', 'Em Andamento'),
(19, 1, '650:00:00', '2026-06-16 21:45:00', '2020-04-10', 'Em Andamento'),
(19, 21, '300:00:00', '2026-06-14 19:30:00', '2021-08-25', 'Em Andamento'),
(20, 13, '40:00:00', '2026-05-18 22:00:00', '2024-10-15', 'Completo'),
(21, 5, '110:00:00', '2026-06-08 20:30:00', '2023-01-20', 'Completo'),
(21, 60, '15:45:00', '2026-02-10 18:00:00', '2025-07-12', 'Em Andamento'),
(21, 99, '25:10:00', '2026-04-05 21:15:00', '2024-11-30', 'Completo'),
(22, 2, '450:00:00', '2026-06-15 23:10:00', '2021-06-05', 'Em Andamento'),
(22, 10, '55:00:00', '2026-05-22 19:45:00', '2024-02-18', 'Completo'),
(23, 7, '95:30:00', '2026-06-10 20:20:00', '2023-12-10', 'Completo'),
(23, 26, '28:00:00', '2026-03-14 18:50:00', '2025-04-25', 'Completo'),
(23, 83, '180:00:00', '2026-06-16 21:00:00', '2022-10-08', 'Em Andamento'),
(24, 15, '65:15:00', '2026-05-30 22:30:00', '2024-05-15', 'Em Andamento'),
(25, 4, '150:00:00', '2026-06-12 19:10:00', '2021-09-20', 'Completo'),
(25, 31, '220:00:00', '2026-06-15 20:45:00', '2020-11-15', 'Completo'),
(25, 63, '12:00:00', '2026-02-20 18:30:00', '2025-08-05', 'Em Andamento'),
(25, 116, '45:20:00', '2026-05-10 21:15:00', '2024-01-12', 'Completo'),
(26, 8, '115:00:00', '2026-06-05 23:00:00', '2023-04-10', 'Completo'),
(27, 14, '320:00:00', '2026-06-16 20:30:00', '2022-02-28', 'Em Andamento'),
(27, 43, '85:45:00', '2026-05-18 19:45:00', '2024-07-15', 'Em Andamento'),
(28, 3, '500:00:00', '2026-06-15 22:20:00', '2020-08-10', 'Em Andamento'),
(28, 18, '35:10:00', '2026-04-12 18:00:00', '2025-03-22', 'Completo'),
(29, 6, '140:00:00', '2026-06-08 21:10:00', '2021-12-05', 'Completo'),
(29, 50, '90:30:00', '2026-05-25 19:50:00', '2024-06-18', 'Em Andamento'),
(30, 11, '25:00:00', '2026-03-05 20:15:00', '2025-01-30', 'Completo'),
(30, 24, '40:45:00', '2026-05-15 18:40:00', '2024-10-12', 'Completo'),
(30, 75, '65:20:00', '2026-06-12 22:30:00', '2023-09-08', 'Em Andamento');

--------------------------------------------------------------------------------------------------
-- 10. PEDIDOS (130 registros)
--------------------------------------------------------------------------------------------------
INSERT INTO Pedidos (id_pedido, data_compra, status, valor_pedido, id_user) VALUES
(1, '2024-01-10', true, 0.00, 1), 
(2, '2024-01-12', true, NULL, 2), 
(3, '2024-02-15', true, 0.00, 3), 
(4, '2023-12-01', true, 149.90, 4), 
(5, '2024-03-01', false, NULL, 5),
(6, '2024-03-01', true, 129.99, 6), 
(7, '2024-01-20', true, 199.90, 7), 
(8, '2024-02-10', true, NULL, 8), 
(9, '2024-04-02', true, 159.00, 9), 
(10, '2024-02-28', true, 199.00, 10),
(11, '2024-01-05', true, 139.90, 11), 
(12, '2024-02-11', true, NULL, 12), 
(13, '2024-03-14', true, 249.00, 13), 
(14, '2023-11-25', true, 99.90, 14), 
(15, '2024-03-20', false, NULL, 15),
(16, '2024-02-19', true, 159.00, 16), 
(17, '2024-01-18', true, 59.99, 17), 
(18, '2024-03-02', true, NULL, 18), 
(19, '2024-04-10', true, 89.90, 19), 
(20, '2024-03-05', true, 249.90, 20),
(21, '2024-01-12', true, 0.00, 21), 
(22, '2024-02-01', true, NULL, 22), 
(23, '2024-02-22', true, 299.00, 23), 
(24, '2023-12-15', true, 199.00, 24), 
(25, '2024-04-01', false, NULL, 25),
(26, '2024-03-08', true, 144.00, 26), 
(27, '2024-01-25', true, 129.00, 27), 
(28, '2024-03-04', true, NULL, 28), 
(29, '2024-04-12', true, 249.00, 29), 
(30, '2024-02-20', true, 139.90, 30),
(31, '2024-01-02', true, 149.00, 31), 
(32, '2024-02-14', true, NULL, 32), 
(33, '2024-03-19', true, 149.00, 33), 
(34, '2023-11-20', true, 299.00, 34), 
(35, '2024-03-25', false, NULL, 35),
(36, '2024-02-25', true, 149.00, 36), 
(37, '2024-01-30', true, 99.90, 37), 
(38, '2024-03-09', true, NULL, 38), 
(39, '2024-04-15', true, 249.00, 39), 
(40, '2024-03-09', true, 129.00, 40),
(41, '2024-01-10', true, 249.00, 41), 
(42, '2024-01-12', true, NULL, 42), 
(43, '2024-02-15', true, 99.00, 43), 
(44, '2023-12-01', true, 88.99, 44), 
(45, '2024-03-01', false, NULL, 45),
(46, '2024-03-01', true, 107.99, 46), 
(47, '2024-01-20', true, 0.00, 47), 
(48, '2024-02-10', true, NULL, 48), 
(49, '2024-04-02', true, 107.99, 49), 
(50, '2024-02-28', true, 107.99, 50),
(51, '2024-01-05', true, 279.00, 51), 
(52, '2024-02-11', true, NULL, 52), 
(53, '2024-03-14', true, 89.90, 53), 
(54, '2023-11-25', true, 39.90, 54), 
(55, '2024-03-20', false, NULL, 55),
(56, '2024-02-20', true, 299.00, 56), 
(57, '2024-01-02', true, 119.90, 57), 
(58, '2024-02-14', true, NULL, 58), 
(59, '2024-03-19', true, 39.90, 59), 
(60, '2023-11-20', true, 39.90, 60),
(61, '2024-03-08', true, 129.00, 61), 
(62, '2024-01-25', true, 39.90, 62), 
(63, '2024-03-04', true, NULL, 63), 
(64, '2024-04-12', true, 39.90, 64), 
(65, '2024-02-20', true, 39.90, 65),
(66, '2024-01-02', true, 39.90, 66), 
(67, '2024-02-14', true, NULL, 67), 
(68, '2024-03-19', true, 149.90, 68), 
(69, '2023-11-20', true, 39.90, 69), 
(70, '2024-03-25', false, NULL, 70),
(71, '2024-02-25', true, 89.90, 71), 
(72, '2024-01-30', true, 199.90, 72), 
(73, '2024-03-09', true, NULL, 73), 
(74, '2024-04-15', true, 90.99, 74), 
(75, '2024-03-09', true, 27.99, 75),
(76, '2024-01-10', true, 73.99, 76), 
(77, '2024-01-12', true, NULL, 77), 
(78, '2024-02-15', true, 27.99, 78), 
(79, '2023-12-01', true, 36.99, 79), 
(80, '2024-03-01', false, NULL, 80),
(81, '2024-03-01', true, 19.99, 81), 
(82, '2024-01-20', true, 10.89, 82), 
(83, '2024-02-10', true, NULL, 83), 
(84, '2024-04-02', true, 20.69, 84), 
(85, '2024-02-28', true, 27.99, 85),
(86, '2024-01-05', true, 36.99, 86), 
(87, '2024-02-11', true, NULL, 87), 
(88, '2024-03-14', true, 45.99, 88), 
(89, '2023-11-25', true, 57.99, 89), 
(90, '2024-03-20', false, NULL, 90),
(91, '2024-02-19', true, 19.99, 91), 
(92, '2024-01-18', true, 149.00, 92), 
(93, '2024-03-02', true, NULL, 93), 
(94, '2024-04-10', true, 37.99, 94), 
(95, '2024-03-05', true, 57.99, 95),
(96, '2024-01-12', true, 129.00, 96), 
(97, '2024-02-01', true, NULL, 97), 
(98, '2024-02-22', true, 180.00, 98), 
(99, '2023-12-15', true, 72.99, 99), 
(100, '2024-04-01', false, NULL, 100),
(101, '2024-03-08', true, 119.00, 101), 
(102, '2024-01-25', true, 249.00, 102), 
(103, '2024-03-04', true, NULL, 103), 
(104, '2024-04-12', true, 64.99, 104), 
(105, '2024-02-20', true, 64.99, 105),
(106, '2024-01-02', true, 30.00, 106), 
(107, '2024-02-14', true, NULL, 107), 
(108, '2024-03-19', true, 29.99, 108), 
(109, '2023-11-20', true, 29.99, 109), 
(110, '2024-03-25', false, NULL, 110),
(111, '2024-02-25', true, 19.99, 111), 
(112, '2024-01-30', true, 24.99, 112), 
(113, '2024-03-09', true, NULL, 113), 
(114, '2024-04-15', true, 29.99, 114), 
(115, '2024-03-09', true, 79.99, 115),
(116, '2024-01-10', true, 249.00, 116), 
(117, '2024-01-12', true, NULL, 117), 
(118, '2024-02-15', true, 69.99, 118), 
(119, '2023-12-01', true, 69.99, 119), 
(120, '2024-03-01', false, NULL, 120),
(121, '2024-03-01', true, 45.99, 121), 
(122, '2024-01-20', true, 119.00, 122), 
(123, '2024-02-10', true, NULL, 123), 
(124, '2024-04-02', true, 39.99, 124), 
(125, '2024-02-28', true, 149.00, 125),
(126, '2024-01-05', true, 74.99, 126), 
(127, '2024-02-11', true, NULL, 127), 
(128, '2024-03-14', true, 99.00, 128), 
(129, '2023-11-25', true, 129.00, 129), 
(130, '2024-03-20', false, NULL, 130),
(131, '2024-12-20', true, 259.80, 1), 
(132, '2025-05-15', true, 199.90, 1), 
(133, '2024-11-25', true, 388.90, 2), 
(134, '2025-01-10', true, 249.00, 3), 
(135, '2025-03-05', true, 159.00, 3), 
(136, '2025-07-20', false, NULL, 4),
(137, '2025-06-10', true, 258.00, 5),  
(138, '2025-11-25', true, 613.80, 8),  
(139, '2026-01-15', true, 166.00, 8),  
(140, '2025-08-20', true, 139.80, 11), 
(141, '2026-03-10', true, 121.97, 15), 
(142, '2025-05-05', true, 149.90, 19), 
(143, '2026-02-14', true, 458.90, 20), 
(144, '2025-10-12', true, 79.80, 9);

--------------------------------------------------------------------------------------------------
-- 11. ITENS_PEDIDOS (130 registros)
--------------------------------------------------------------------------------------------------
INSERT INTO itens_pedidos (id_pedido, id_produto, quantidade, preco_momento, preco_original, status_pedido) VALUES
(1, 1, 1, 0.00, 0.00, 'Entregue'), 
(2, 2, 1, 0.00, 0.00, NULL), 
(3, 3, 1, 0.00, 0.00, 'Entregue'), 
(4, 4, 1, 149.90, 149.90, 'Entregue'), 
(5, 5, 1, 249.00, 249.00, NULL),
(6, 6, 1, 129.99, 129.99, 'Entregue'), 
(7, 7, 1, 199.90, 199.90, 'Entregue'), 
(8, 8, 1, 229.90, 229.90, NULL), 
(9, 9, 1, 159.00, 159.00, 'Entregue'), 
(10, 10, 1, 199.00, 199.00, 'Entregue'),
(11, 11, 1, 139.90, 139.90, 'Entregue'), 
(12, 12, 1, 179.90, 179.90, NULL), 
(13, 13, 1, 249.00, 249.00, 'Entregue'), 
(14, 14, 1, 99.90, 99.90, 'Entregue'), 
(15, 15, 1, 299.00, 299.00, NULL),
(16, 16, 1, 159.00, 159.00, 'Reembolsado'), 
(17, 17, 1, 59.99, 59.99, 'Entregue'), 
(18, 18, 1, 249.90, 249.90, NULL), 
(19, 19, 1, 89.90, 89.90, 'Entregue'), 
(20, 20, 1, 249.90, 249.90, 'Entregue'),
(21, 21, 1, 0.00, 0.00, 'Entregue'), 
(22, 22, 1, 249.00, 249.00, NULL), 
(23, 23, 1, 299.00, 299.00, 'Entregue'), 
(24, 24, 1, 199.00, 199.00, 'Entregue'), 
(25, 25, 1, 339.00, 339.00, NULL),
(26, 26, 1, 144.00, 144.00, 'Entregue'), 
(27, 27, 1, 129.00, 129.00, 'Entregue'), 
(28, 28, 1, 39.90, 39.90, NULL), 
(29, 29, 1, 249.00, 249.00, 'Entregue'), 
(30, 30, 1, 139.90, 139.90, 'Entregue'),
(31, 31, 1, 149.00, 149.00, 'Entregue'), 
(32, 32, 1, 79.90, 79.90, NULL), 
(33, 33, 1, 149.00, 149.00, 'Entregue'), 
(34, 34, 1, 299.00, 299.00, 'Entregue'), 
(35, 35, 1, 59.00, 59.00, NULL),
(36, 36, 1, 149.00, 149.00, 'Entregue'), 
(37, 37, 1, 99.90, 99.90, 'Entregue'), 
(38, 38, 1, 39.99, 39.99, NULL), 
(39, 39, 1, 249.00, 249.00, 'Entregue'), 
(40, 40, 1, 129.00, 129.00, 'Entregue'),
(41, 41, 1, 249.00, 249.00, 'Entregue'), 
(42, 42, 1, 74.95, 74.95, NULL), 
(43, 43, 1, 99.00, 99.00, 'Entregue'), 
(44, 44, 1, 88.99, 88.99, 'Entregue'), 
(45, 45, 1, 249.00, 249.00, NULL),
(46, 46, 1, 107.99, 107.99, 'Entregue'), 
(47, 47, 1, 0.00, 0.00, 'Entregue'), 
(48, 48, 1, 165.99, 165.99, NULL), 
(49, 49, 1, 107.99, 107.99, 'Entregue'), 
(50, 50, 1, 107.99, 107.99, 'Entregue'),
(51, 51, 1, 279.00, 279.00, 'Entregue'), 
(52, 52, 1, 179.90, 179.90, NULL), 
(53, 53, 1, 89.90, 89.90, 'Entregue'), 
(54, 54, 1, 39.90, 39.90, 'Entregue'), 
(55, 55, 1, 129.90, 129.90, NULL),
(56, 56, 1, 299.00, 299.00, 'Entregue'), 
(57, 57, 1, 119.90, 119.90, 'Entregue'), 
(58, 58, 1, 39.90, 39.90, NULL), 
(59, 59, 1, 39.90, 39.90, 'Entregue'), 
(60, 60, 1, 39.90, 39.90, 'Entregue'),
(61, 61, 1, 129.00, 129.00, 'Entregue'), 
(62, 62, 1, 39.90, 39.90, 'Entregue'), 
(63, 63, 1, 89.90, 89.90, NULL), 
(64, 64, 1, 39.90, 39.90, 'Entregue'), 
(65, 65, 1, 39.90, 39.90, 'Entregue'),
(66, 66, 1, 39.90, 39.90, 'Entregue'), 
(67, 67, 1, 39.90, 39.90, NULL), 
(68, 68, 1, 149.90, 149.90, 'Entregue'), 
(69, 69, 1, 39.90, 39.90, 'Entregue'), 
(70, 70, 1, 39.90, 39.90, NULL),
(71, 71, 1, 89.90, 89.90, 'Entregue'), 
(72, 72, 1, 199.90, 199.90, 'Entregue'), 
(73, 73, 1, 199.90, 199.90, NULL), 
(74, 74, 1, 90.99, 90.99, 'Entregue'), 
(75, 75, 1, 27.99, 27.99, 'Entregue'),
(76, 76, 1, 73.99, 73.99, 'Entregue'), 
(77, 77, 1, 36.99, 36.99, NULL), 
(78, 78, 1, 27.99, 27.99, 'Entregue'), 
(79, 79, 1, 36.99, 36.99, 'Entregue'), 
(80, 80, 1, 36.99, 36.99, NULL),
(81, 81, 1, 19.99, 19.99, 'Entregue'), 
(82, 82, 1, 10.89, 10.89, 'Entregue'), 
(83, 83, 1, 0.00, 0.00, NULL), 
(84, 84, 1, 20.69, 20.69, 'Entregue'), 
(85, 85, 1, 27.99, 27.99, 'Entregue'),
(86, 86, 1, 36.99, 36.99, 'Entregue'), 
(87, 87, 1, 36.99, 36.99, NULL), 
(88, 88, 1, 45.99, 45.99, 'Entregue'), 
(89, 89, 1, 57.99, 57.99, 'Entregue'), 
(90, 90, 1, 57.99, 57.99, NULL),
(91, 91, 1, 19.99, 19.99, 'Entregue'), 
(92, 92, 1, 149.00, 149.00, 'Entregue'), 
(93, 93, 1, 88.99, 88.99, NULL), 
(94, 94, 1, 37.99, 37.99, 'Entregue'), 
(95, 95, 1, 57.99, 57.99, 'Entregue'),
(96, 96, 1, 129.00, 129.00, 'Entregue'), 
(97, 97, 1, 29.99, 29.99, NULL), 
(98, 98, 1, 180.00, 180.00, 'Entregue'), 
(99, 99, 1, 72.99, 72.99, 'Entregue'), 
(100, 100, 1, 69.99, 69.99, NULL),
(101, 101, 1, 119.00, 119.00, 'Entregue'),
(102, 102, 1, 249.00, 249.00, 'Entregue'), 
(103, 103, 1, 134.99, 134.99, NULL), 
(104, 104, 1, 64.99, 64.99, 'Entregue'), 
(105, 105, 1, 64.99, 64.99, 'Entregue'),
(106, 106, 1, 30.00, 30.00, 'Entregue'),
(107, 107, 1, 40.00, 40.00, NULL), 
(108, 108, 1, 29.99, 29.99, 'Entregue'),
(109, 109, 1, 29.99, 29.99, 'Entregue'), 
(110, 110, 1, 39.99, 39.99, NULL),
(111, 111, 1, 19.99, 19.99, 'Entregue'), 
(112, 112, 1, 24.99, 24.99, 'Entregue'),
(113, 113, 1, 29.99, 29.99, NULL), 
(114, 114, 1, 29.99, 29.99, 'Entregue'),
(115, 115, 1, 79.99, 79.99, 'Entregue'),
(116, 116, 1, 249.00, 249.00, 'Entregue'),
(117, 117, 1, 49.99, 49.99, NULL),
(118, 118, 1, 69.99, 69.99, 'Entregue'), 
(119, 119, 1, 69.99, 69.99, 'Entregue'), 
(120, 120, 1, 89.00, 89.00, NULL),
(121, 121, 1, 45.99, 45.99, 'Entregue'),
(122, 122, 1, 119.00, 119.00, 'Entregue'),
(123, 123, 1, 79.99, 79.99, NULL), 
(124, 124, 1, 39.99, 39.99, 'Entregue'), 
(125, 125, 1, 149.00, 149.00, 'Entregue'),
(126, 126, 1, 74.99, 74.99, 'Entregue'), 
(127, 127, 1, 109.00, 109.00, NULL), 
(128, 128, 1, 99.00, 99.00, 'Entregue'), 
(129, 129, 1, 129.00, 129.00, 'Entregue'), 
(130, 130, 1, 45.99, 45.99, NULL),
(131, 7, 1, 159.90, 199.90, 'Entregue'),
(131, 134, 1, 99.90, 99.90, 'Entregue'),
(132, 75, 1, 27.99, 27.99, 'Entregue'),
(132, 76, 1, 73.99, 73.99, 'Entregue'),
(133, 6, 1, 129.99, 129.99, 'Entregue'), 
(133, 132, 1, 39.99, 39.99, 'Entregue'),
(133, 133, 1, 79.99, 79.99, 'Entregue'),
(134, 13, 1, 249.00, 249.00, 'Entregue'),
(135, 21, 1, 0.00, 0.00, 'Entregue'), 
(135, 145, 1, 159.00, 159.00, 'Entregue'), 
(136, 15, 1, 299.00, 299.00, 'Aguardando Pagamento'),
(136, 8, 1, 229.90, 229.90, 'Aguardando Pagamento'),
(137, 43, 1, 99.00, 99.00, 'Entregue'),
(137, 145, 1, 79.50, 159.00, 'Entregue'),
(137, 146, 1, 79.50, 159.00, 'Entregue'),
(138, 8, 1, 229.90, 229.90, 'Entregue'),
(138, 135, 1, 154.00, 154.00, 'Entregue'),
(138, 9, 1, 159.00, 159.00, 'Entregue'),
(138, 137, 1, 70.90, 70.90, 'Entregue'),
(139, 31, 1, 100.00, 149.00, 'Entregue'),
(139, 156, 1, 33.00, 39.00, 'Entregue'),
(139, 158, 1, 33.00, 39.00, 'Entregue'),
(140, 32, 1, 79.90, 79.90, 'Entregue'),
(140, 161, 1, 59.90, 59.90, 'Entregue'),
(141, 75, 1, 27.99, 27.99, 'Entregue'),
(141, 76, 1, 73.99, 73.99, 'Entregue'),
(141, 81, 1, 19.99, 19.99, 'Entregue'),
(142, 4, 1, 149.90, 149.90, 'Entregue'),
(143, 51, 1, 279.00, 279.00, 'Entregue'),
(143, 52, 1, 179.90, 179.90, 'Entregue'),
(144, 65, 1, 39.90, 39.90, 'Entregue'),
(144, 66, 1, 39.90, 39.90, 'Entregue');

--------------------------------------------------------------------------------------------------
-- 12. REVIEW (130 registros)
--------------------------------------------------------------------------------------------------
INSERT INTO Review (id_review, data_postagem, nota, cometario, id_user, id_produto) VALUES
(1, '2024-05-16', 5, 'Melhor jogo competitivo do mercado, viciante.', 1, 1),
(2, '2024-05-10', 4, NULL, 2, 2),
(3, '2024-05-16', 5, 'Graficos incriveis e otimizacao excelente no PC.', 3, 3),
(4, '2024-02-01', 3, NULL, 4, 4),
(5, '2024-04-12', 5, 'Historia emocionante e mapa vivo. Obra de arte!', 5, 5),
(6, '2024-05-15', 5, NULL, 6, 6),
(7, '2024-03-20', 4, 'Bugs corrigidos, agora esta um RPG fantastico.', 7, 7),
(8, '2024-02-25', 5, NULL, 8, 8),
(9, '2024-04-10', 5, 'Dificil demais, mas a recompensa de vencer e otima.', 9, 9),
(10, '2024-03-01', 4, NULL, 10, 10),
(11, '2024-01-20', 5, 'Remake impecavel, me deu muito medo na delegacia.', 11, 11),
(12, '2024-05-02', 3, NULL, 12, 12),
(13, '2024-04-05', 5, 'Nostalgia pura com graficos de ultima geracao.', 13, 13),
(14, '2023-12-15', 4, NULL, 14, 14),
(15, '2024-02-02', 5, 'Mecanicas de luta fluidas e modo historia decente.', 15, 15),
(16, '2023-11-20', 2, NULL, 16, 16),
(17, '2024-01-15', 4, 'Jogo de tiro tatico muito focado em equipe.', 17, 17),
(18, '2024-03-11', 3, NULL, 18, 18),
(19, '2024-04-18', 4, 'Excelente looter shooter para jogar com amigos.', 19, 19),
(20, '2024-02-28', 3, NULL, 20, 20),
(21, '2024-01-22', 4, 'Otimo simulador, mas as DLCs sao caras demais.', 21, 21),
(22, '2024-02-15', 1, NULL, 22, 22),
(23, '2024-03-05', 2, 'Mesma coisa de todo ano, pouca mudanca real.', 23, 23),
(24, '2023-12-20', 5, NULL, 24, 24),
(25, '2024-05-01', 4, 'Mundo aberto muito maior e combate aprimorado.', 25, 25),
(26, '2024-01-12', 4, NULL, 26, 26),
(27, '2024-02-19', 4, 'Historia muito boa e masmorras bem divertidas.', 27, 27),
(28, '2024-03-15', 5, NULL, 28, 28),
(29, '2024-04-25', 4, 'Musica linda e narrativa muito emocionante.', 29, 29),
(30, '2024-02-26', 5, NULL, 30, 30),
(31, '2024-01-10', 5, 'Jogo atemporal, jogo ate hoje mesmo apos anos.', 31, 31),
(32, '2024-03-02', 4, NULL, 32, 32),
(33, '2024-04-01', 3, 'Melhorou muito desde o lancamento desastroso.', 33, 33),
(34, '2023-12-10', 4, NULL, 34, 34),
(35, '2024-01-05', 5, 'Trilha sonora pesada de metal e acao frenetica.', 35, 35),
(36, '2024-04-08', 5, NULL, 36, 36),
(37, '2024-02-12', 4, 'Estrategia profunda para quem ama historia medieval.', 37, 37),
(38, '2024-03-22', 5, NULL, 38, 38),
(39, '2024-05-05', 5, 'Graficos do planeta terra sao surreais de lindos.', 39, 39),
(40, '2024-03-14', 4, NULL, 40, 40),
(41, '2024-01-11', 4, 'O modo multijogador e excelente e muito divertido.', 41, 41),
(42, '2024-01-25', 3, NULL, 42, 42),
(43, '2024-02-14', 5, 'O rei dos blocos, possibilidades infinitas.', 43, 43),
(44, '2023-11-30', 5, NULL, 44, 44),
(45, '2024-04-20', 2, 'Muito pesado no PC, precisa de atualizacoes urgente.', 45, 45),
(46, '2024-03-08', 4, NULL, 46, 46),
(47, '2024-01-05', 5, 'Gerenciamento politico medieval fantastico e complexo.', 47, 47),
(48, '2024-02-18', 4, NULL, 48, 48),
(49, '2024-03-24', 4, 'Complexo e viciante para quem ama mapas mundiais.', 49, 49),
(50, '2024-02-22', 4, NULL, 50, 50),
(51, '2024-02-05', 4, 'Um recomeco fantastico para a franquia de luta.', 51, 51),
(52, '2024-01-18', 5, NULL, 52, 52),
(53, '2024-03-10', 4, 'Fatalities mais sangrentos que ja vi em um jogo.', 53, 53),
(54, '2023-12-12', 4, NULL, 54, 54),
(55, '2024-04-02', 4, 'Customizacao de armaduras dos herois ficou otima.', 55, 55),
(56, '2024-03-01', 3, NULL, 56, 56),
(57, '2024-01-22', 5, 'O melhor simulador de Batman ja criado no mundo.', 57, 57),
(58, '2024-02-11', 5, NULL, 58, 58),
(59, '2024-03-19', 4, 'Atmosfera sombria impecavel dentro do hospicio.', 59, 59),
(60, '2023-11-20', 3, NULL, 60, 60),
(61, '2024-03-05', 4, 'Muitos herois e mundo Lego super divertido.', 61, 61),
(62, '2024-01-12', 5, NULL, 62, 62),
(63, '2024-02-25', 4, 'Divertido para jogar em modo cooperativo local.', 63, 63),
(64, '2024-03-17', 4, NULL, 64, 64),
(65, '2024-01-30', 4, 'Jogar no espaco com pecas Lego ficou sensacional.', 65, 65),
(66, '2024-03-09', 4, NULL, 66, 66),
(67, '2024-05-12', 4, ' Nostalgia pura do primeiro Lego Batman que joguei.', 67, 67),
(68, '2024-01-26', 4, NULL, 68, 68),
(69, '2024-02-15', 5, 'O mundo de Harry Potter feito em blocos e magico.', 69, 69),
(70, '2023-12-01', 4, NULL, 70, 70),
(71, '2024-04-10', 4, 'Boa adaptacao do filme com piadas de blocos.', 71, 71),
(72, '2024-02-28', 5, NULL, 72, 72),
(73, '2023-09-15', 5, 'Melhor RPG da decada, escolhas mudam tudo de verdade.', 73, 73),
(74, '2024-05-02', 5, NULL, 74, 74),
(75, '2024-04-14', 5, 'Metroidvania indie maravilhoso com arte desenhada.', 75, 75),
(76, '2023-11-25', 5, NULL, 76, 76),
(77, '2024-02-22', 4, 'Trilha sonora espetacular e jogabilidade tática.', 77, 77),
(78, '2024-03-12', 4, NULL, 78, 78),
(79, '2024-01-18', 4, 'Mistica misturada com esporte ficou bem unico.', 79, 79),
(80, '2024-03-02', 5, NULL, 80, 80),
(81, '2024-04-10', 5, 'Minecraft 2D super focado em chefes e itens.', 81, 81),
(82, '2024-03-05', 4, NULL, 82, 82),
(83, '2024-01-12', 5, 'Muito divertido jogar futebol usando carros tunados.', 83, 83),
(84, '2024-02-01', 4, NULL, 84, 84),
(85, '2024-02-22', 4, 'Sobreviver ao inverno online e um baita desafio.', 85, 85),
(86, '2023-12-15', 4, NULL, 86, 86),
(87, '2024-04-01', 5, 'Melhor jogo de ninja furtivo em duas dimensoes.', 87, 87),
(88, '2024-03-08', 4, NULL, 88, 88),
(89, '2024-01-25', 5, 'Atmosfera de terror no fundo do mar alienigena.', 89, 89),
(90, '2024-03-04', 4, NULL, 90, 90),
(91, '2024-04-12', 4, 'Um jogo de zoeira muito engracado para passar o tempo.', 91, 91),
(92, '2024-02-20', 4, NULL, 92, 92),
(93, '2024-01-02', 5, 'Muito satisfatorio ver suas fabricas funcionando online.', 93, 93),
(94, '2024-02-14', 5, NULL, 94, 94),
(95, '2024-03-19', 5, 'Comunidade excelente e cooperativo de anao nota 10.', 95, 95),
(96, '2023-11-20', 4, NULL, 96, 96),
(97, '2024-03-25', 4, 'Suspense psicologico muito bem escrito na floresta.', 97, 97),
(98, '2024-02-25', 5, NULL, 98, 98),
(99, '2024-01-30', 4, 'Historia de viagem no tempo digna de filme sci-fi.', 99, 99),
(100, '2024-03-09', 4, NULL, 100, 100),
(101, '2024-04-15', 5, 'Sandbox de assassinato maravilhoso em mapas enormes.', 101, 101),
(102, '2024-03-09', 5, NULL, 102, 102),
(103, '2024-01-10', 5, 'Graficos e escolhas incriveis sobre robos futuristas.', 103, 103),
(104, '2024-01-12', 4, NULL, 104, 104),
(105, '2024-02-15', 4, 'Historia de investigacao tensa com clima de chuva.', 105, 105),
(106, '2023-12-01', 4, NULL, 106, 106),
(107, '2024-03-01', 5, 'Acontecimentos finais me deixaram de boca aberta.', 107, 107),
(108, '2024-03-01', 4, NULL, 108, 108),
(109, '2024-01-20', 4, 'Estilo artistico point and click muito fofinho.', 109, 109),
(110, '2024-02-10', 4, NULL, 110, 110),
(111, '2024-04-02', 4, 'Gerenciar a mesa de RPG em pixel art e nostalgico.', 111, 111),
(112, '2024-02-28', 4, NULL, 112, 112),
(113, '2024-01-05', 5, 'Referencia brasileira aos Power Rangers sensacional.', 113, 113),
(114, '2024-02-11', 4, NULL, 114, 114),
(115, '2024-03-14', 5, 'O melhor sistema de parkour com zumbis na noite.', 115, 115),
(116, '2023-11-25', 4, NULL, 116, 116),
(117, '2024-03-20', 4, 'Classico que derretia placas de video antigamente.', 117, 117),
(118, '2024-02-19', 4, NULL, 118, 118),
(119, '2024-01-18', 4, 'Uso de arco tecnologico em cidade destruida e bom.', 119, 119),
(120, '2024-03-02', 5, NULL, 120, 120),
(121, '2024-04-10', 5, 'Handsome Jack e o melhor vilao dos jogos eletronicos.', 121, 121),
(122, '2024-03-05', 4, NULL, 122, 122),
(123, '2024-01-12', 4, 'Jogabilidade na lua com gravidade zero ficou legal.', 123, 123),
(124, '2024-02-01', 5, NULL, 124, 124),
(125, '2024-02-22', 4, 'RPG espacial corporativo muito focado em conversas.', 125, 125),
(126, '2023-12-15', 4, NULL, 126, 126),
(127, '2024-04-01', 4, 'Batalhas navais com RPG isometrico classico bom.', 127, 127),
(128, '2024-03-08', 5, NULL, 128, 128),
(129, '2024-01-25', 4, 'Sobreviver contra insetos gigantes no quintal e show.', 129, 129),
(130, '2024-03-04', 5, NULL, 130, 130),
(131, '2026-06-10', 1, 'Muitos cheaters, impossível jogar sério hoje em dia.', 2, 1),
(132, '2026-06-11', 5, 'Melhor jogabilidade de FPS do mundo.', 3, 1),
(133, '2026-06-11', 1, 'O lag compensator acabou com o jogo.', 4, 1),
(134, '2026-06-12', 5, 'Gráficos lindos na Source 2, curti demais.', 5, 1),
(135, '2026-06-12', 1, 'Prefiro mil vezes o CS:GO. Arruinaram o game.', 6, 1),
(136, '2026-06-13', 5, 'Sensacional, jogo todo dia com meus amigos.', 7, 1),
(137, '2026-06-14', 1, 'Otimização porca, dropando muito FPS.', 8, 1),
(138, '2026-06-14', 5, 'O competitivo definitivo.', 9, 1),
(139, '2026-06-15', 1, 'Hitbox totalmente quebrada.', 10, 1),
(140, '2026-06-15', 5, 'Skin bonita e tiro certeiro, recomendo.', 11, 1),
(141, '2026-06-10', 5, 'Campanha icônica, Michael e Trevor são lendas.', 12, 4),
(142, '2026-06-10', 5, 'O modo online ainda diverte demais.', 13, 4),
(143, '2026-06-11', 4, 'Muito bom, mas a Rockstar ordenha demais esse jogo.', 14, 4),
(144, '2026-06-11', 5, 'História incrível.', 15, 4),
(145, '2026-06-12', 5, 'Simplesmente o jogo mais completo de mundo aberto.', 16, 4),
(146, '2026-06-12', 5, 'Perfeito.', 17, 4),
(147, '2026-06-13', 4, 'Clássico obrigatório.', 18, 4),
(148, '2026-06-14', 5, 'Melhor cidade virtual já feita.', 19, 4),
(149, '2026-06-15', 5, 'Ação do começo ao fim.', 20, 4),
(150, '2026-06-15', 5, 'Atemporal.', 21, 4),
(151, '2026-06-09', 5, 'Com a DLC Phantom Liberty virou o melhor RPG.', 22, 7),
(152, '2026-06-10', 1, 'Ainda acho que prometeram muito e entregaram pouco.', 23, 7),
(153, '2026-06-10', 5, 'Night City é fascinante de explorar.', 24, 7),
(154, '2026-06-11', 1, 'História linear fantasiada de RPG de escolhas.', 25, 7),
(155, '2026-06-11', 5, 'Imersão em primeira pessoa fantástica.', 26, 7),
(156, '2026-06-12', 2, 'Melhorou dos bugs, mas a física de carros é boba.', 27, 7),
(157, '2026-06-12', 5, 'Que narrativa foda, Keanu Reeves mandou bem.', 28, 7),
(158, '2026-06-13', 1, 'Injogável na geração passada, trauma eterno.', 29, 7),
(159, '2026-06-14', 5, 'Trilha sonora absurda de boa.', 30, 7),
(160, '2026-06-14', 5, 'O sistema de cyberwares ficou excelente.', 31, 7),
(161, '2026-06-15', 3, 'Gráficos nota 10, inteligência artificial nota 4.', 32, 7),
(162, '2026-06-15', 5, 'Mudou minha vida esse jogo.', 33, 7),
(163, '2026-06-05', 1, 'Pior gameplay de futebol da história, puro handicap.', 34, 23),
(164, '2026-06-06', 1, 'Pay to win descarado no Ultimate Team.', 35, 23),
(165, '2026-06-06', 1, 'A EA não liga para os fãs, só quer dinheiro.', 36, 23),
(166, '2026-06-07', 5, 'Eu curto, jogo Pro Clubs com a galera e é massa.', 37, 23),
(167, '2026-06-07', 1, 'Servidores horríveis, cai toda hora.', 38, 23),
(168, '2026-06-08', 2, 'Gráficos ok, mas a movimentação é engessada.', 39, 23),
(169, '2026-06-08', 1, 'Mesma atualização de elenco cobrada a preço cheio.', 40, 23),
(170, '2026-06-09', 1, 'Script controla o jogo, ridículo.', 41, 23),
(171, '2026-06-10', 5, 'O modo carreira me prende por horas.', 42, 23),
(172, '2026-06-11', 1, 'Desinstalando, estressa demais.', 43, 23),
(173, '2026-06-12', 1, 'Gastei dinheiro à toa.', 44, 23),
(174, '2026-06-13', 3, 'Dá pra passar o tempo, mas cansa rápido.', 45, 23),
(175, '2026-06-14', 1, 'Bugs bizarros de colisão física.', 46, 23),
(176, '2026-06-15', 1, 'Insuportável.', 47, 23),
(177, '2026-06-15', 5, 'Para mim é o melhor passatempo casual.', 48, 23);

--------------------------------------------------------------------------------------------------
-- 13. PROMOCAO (130 registros)
--------------------------------------------------------------------------------------------------
INSERT INTO promocao (id_promocao, id_produto, data_fim, data_inicio, percentual_desconto) VALUES
(1, 4, '2024-06-01', '2024-05-15', 50.00), 
(2, 5, '2024-06-05', '2024-05-20', 33.00),
(3, 6, '2024-06-10', '2024-05-25', 80.00), 
(4, 7, '2024-06-15', '2024-06-01', 50.00),
(5, 8, '2024-07-01', '2024-06-15', 20.00), 
(6, 9, '2024-06-20', '2024-06-05', 75.00),
(7, 10, '2024-06-18', '2024-06-01', 50.00), 
(8, 11, '2024-06-30', '2024-06-10', 60.00),
(9, 12, '2024-07-05', '2024-06-20', 50.00), 
(10, 13, '2024-06-25', '2024-06-12', 25.00),
(11, 14, '2024-06-15', '2024-06-01', 50.00), 
(12, 15, '2024-07-10', '2024-06-25', 10.00),
(13, 16, '2024-06-20', '2024-06-05', 85.00), 
(14, 17, '2024-06-30', '2024-06-15', 67.00),
(15, 18, '2024-07-01', '2024-06-10', 80.00), 
(16, 19, '2024-06-18', '2024-06-01', 70.00),
(17, 20, '2024-06-25', '2024-06-10', 75.00), 
(18, 22, '2024-06-15', '2024-06-01', 80.00),
(19, 23, '2024-07-05', '2024-06-20', 70.00), 
(20, 24, '2024-06-30', '2024-06-15', 75.00),
(21, 25, '2024-07-12', '2024-06-28', 30.00), 
(22, 26, '2024-06-20', '2024-06-05', 80.00),
(23, 27, '2024-06-15', '2024-06-01', 75.00), 
(24, 28, '2024-06-30', '2024-06-15', 75.00),
(25, 29, '2024-07-01', '2024-06-15', 60.00), 
(26, 30, '2024-06-25', '2024-06-10', 50.00),
(27, 31, '2024-06-18', '2024-06-01', 67.00), 
(28, 32, '2024-06-30', '2024-06-12', 75.00),
(29, 33, '2024-07-05', '2024-06-20', 60.00), 
(30, 34, '2024-06-25', '2024-06-15', 30.00),
(31, 35, '2024-06-15', '2024-06-01', 75.00), 
(32, 36, '2024-07-10', '2024-06-25', 60.00),
(33, 37, '2024-06-20', '2024-06-05', 50.00), 
(34, 38, '2024-06-30', '2024-06-15', 50.00),
(35, 39, '2024-07-01', '2024-06-10', 40.00), 
(36, 40, '2024-06-18', '2024-06-01', 70.00),
(37, 41, '2024-06-25', '2024-06-10', 60.00), 
(38, 42, '2024-06-15', '2024-06-01', 50.00),
(39, 44, '2024-07-05', '2024-06-20', 75.00), 
(40, 45, '2024-06-30', '2024-06-15', 10.00),
(41, 46, '2024-07-12', '2024-06-28', 70.00), 
(42, 47, '2024-06-20', '2024-06-05', 0.00),
(43, 48, '2024-06-15', '2024-06-01', 50.00), 
(44, 49, '2024-06-30', '2024-06-15', 75.00),
(45, 50, '2024-07-01', '2024-06-15', 75.00), 
(46, 51, '2024-06-25', '2024-06-10', 40.00),
(47, 52, '2024-06-18', '2024-06-01', 80.00), 
(48, 53, '2024-06-30', '2024-06-12', 75.00),
(49, 54, '2024-07-05', '2024-06-20', 75.00), 
(50, 55, '2024-06-25', '2024-06-15', 70.00),
(51, 56, '2024-06-15', '2024-06-01', 50.00), 
(52, 57, '2024-07-10', '2024-06-25', 80.00),
(53, 58, '2024-06-20', '2024-06-05', 75.00), 
(54, 59, '2024-06-30', '2024-06-15', 75.00),
(55, 60, '2024-07-01', '2024-06-10', 75.00), 
(56, 61, '2024-06-18', '2024-06-01', 50.00),
(57, 62, '2024-06-25', '2024-06-10', 75.00), 
(58, 63, '2024-06-15', '2024-06-01', 60.00),
(59, 64, '2024-07-05', '2024-06-20', 75.00), 
(60, 65, '2024-06-30', '2024-06-15', 75.00),
(61, 66, '2024-07-12', '2024-06-28', 75.00), 
(62, 67, '2024-06-20', '2024-06-05', 75.00),
(63, 68, '2024-06-15', '2024-06-01', 80.00), 
(64, 69, '2024-06-30', '2024-06-15', 75.00),
(65, 70, '2024-07-01', '2024-06-15', 75.00), 
(66, 71, '2024-06-25', '2024-06-10', 60.00),
(67, 72, '2024-06-18', '2024-06-01', 50.00), 
(68, 73, '2024-06-30', '2024-06-12', 15.00),
(69, 74, '2024-07-05', '2024-06-20', 65.00), 
(70, 75, '2024-06-25', '2024-06-15', 50.00),
(71, 76, '2024-06-15', '2024-06-01', 50.00), 
(72, 77, '2024-07-10', '2024-06-25', 80.00),
(73, 78, '2024-06-20', '2024-06-05', 75.00), 
(74, 79, '2024-06-30', '2024-06-15', 70.00),
(75, 80, '2024-07-01', '2024-06-10', 30.00), 
(76, 81, '2024-06-18', '2024-06-01', 50.00),
(77, 82, '2024-06-25', '2024-06-10', 20.00), 
(78, 84, '2024-06-15', '2024-06-01', 60.00),
(79, 85, '2024-07-05', '2024-06-20', 60.00), 
(80, 86, '2024-06-30', '2024-06-15', 75.00),
(81, 87, '2024-07-12', '2024-06-28', 75.00), 
(82, 88, '2024-06-20', '2024-06-05', 50.00),
(83, 89, '2024-06-15', '2024-06-01', 50.00), 
(84, 90, '2024-06-30', '2024-06-15', 50.00),
(85, 91, '2024-07-01', '2024-06-15', 75.00), 
(86, 92, '2024-06-25', '2024-06-10', 50.00),
(87, 93, '2024-06-18', '2024-06-01', 40.00), 
(88, 94, '2024-06-30', '2024-06-12', 50.00),
(89, 95, '2024-07-05', '2024-06-20', 50.00), 
(90, 96, '2024-06-25', '2024-06-15', 50.00),
(91, 97, '2024-06-15', '2024-06-01', 80.00), 
(92, 98, '2024-07-10', '2024-06-25', 20.00),
(93, 99, '2024-06-20', '2024-06-05', 75.00), 
(94, 101, '2024-06-30', '2024-06-15', 75.00),
(95, 102, '2024-07-01', '2024-06-10', 50.00), 
(96, 103, '2024-06-18', '2024-06-01', 60.00),
(97, 104, '2024-06-25', '2024-06-10', 75.00), 
(98, 105, '2024-06-15', '2024-06-01', 45.00),
(99, 106, '2024-07-05', '2024-06-20', 80.00), 
(100, 107, '2024-06-30', '2024-06-15', 33.00),
(101, 108, '2024-07-10', '2024-06-25', 15.00), 
(102, 109, '2024-06-20', '2024-06-05', 50.00),
(103, 110, '2024-06-25', '2024-06-10', 60.00), 
(104, 111, '2024-07-05', '2024-06-20', 75.00),
(105, 112, '2024-06-30', '2024-06-15', 25.00), 
(106, 113, '2024-07-15', '2024-07-01', 40.00),
(107, 114, '2024-06-18', '2024-06-01', 50.00), 
(108, 115, '2024-07-12', '2024-06-28', 85.00),
(109, 116, '2024-07-20', '2024-07-05', 70.00), 
(110, 117, '2024-06-25', '2024-06-10', 50.00),
(111, 118, '2024-06-15', '2024-06-01', 20.00), 
(112, 119, '2024-07-01', '2024-06-15', 30.00),
(113, 120, '2024-07-10', '2024-06-25', 60.00), 
(114, 121, '2024-06-20', '2024-06-05', 75.00),
(115, 122, '2024-06-30', '2024-06-15', 40.00), 
(116, 123, '2024-07-05', '2024-06-20', 50.00),
(117, 124, '2024-06-25', '2024-06-10', 67.00), 
(118, 125, '2024-06-15', '2024-06-01', 80.00),
(119, 126, '2024-07-12', '2024-06-28', 75.00), 
(120, 127, '2024-06-20', '2024-06-05', 33.00),
(121, 128, '2024-06-30', '2024-06-15', 50.00), 
(122, 129, '2024-07-01', '2024-06-10', 90.00),
(123, 130, '2024-06-25', '2024-06-15', 75.00), 
(124, 131, '2024-06-15', '2024-06-01', 60.00),
(125, 132, '2024-07-10', '2024-06-25', 50.00), 
(126, 133, '2024-06-20', '2024-06-05', 80.00),
(127, 134, '2024-06-30', '2024-06-15', 25.00), 
(128, 135, '2024-07-05', '2024-06-20', 15.00),
(129, 136, '2024-06-18', '2024-06-01', 45.00), 
(130, 137, '2024-07-01', '2024-06-15', 70.00);